AgencyID,AgencyName,CountryID
1,Davidson LLC Security,10
2,Fritz-Davis Security,43
3,"Johnson, Green and Kramer Security",41
4,Mcconnell Ltd Security,4
5,Hayes-Ortega Security,48
6,"Lopez, Gonzalez and Rodriguez Security",42
7,Briggs Inc Security,8
8,Conley-Weiss Security,28
9,"Terry, Jones and Austin Security",9
10,Smith LLC Security,11
11,"Cooper, Ortiz and Hendrix Security",31
12,"Potter, Frey and Larson Security",17
13,Jones LLC Security,35
14,Cook-Schwartz Security,18
15,"Davis, Johns and Simmons Security",15
16,Wood Inc Security,18
17,Carlson LLC Security,30
18,"Hartman, Johnson and Evans Security",28
19,Wells-Hicks Security,49
20,Myers Ltd Security,21
21,Price Inc Security,49
22,Larson Inc Security,44
23,Parker-Cortez Security,17
24,"Lucas, Huynh and Smith Security",5
25,Stokes-Martinez Security,35
26,"Camacho, Mcconnell and Mason Security",24
27,White Inc Security,22
28,"Johnson, Rodriguez and Harrington Security",45
29,"Frazier, Walker and English Security",3
30,Mcguire PLC Security,6
31,"Wright, Diaz and Carroll Security",28
32,"Anderson, Anderson and Carrillo Security",7
33,"Allen, Smith and Sloan Security",2
34,Molina-Gray Security,3
35,Miranda PLC Security,30
36,Small PLC Security,21
37,"Cook, Meza and Allen Security",48
38,"Rivera, Hogan and Thompson Security",12
39,Trujillo Ltd Security,1
40,Perez-Mcclain Security,41
41,Moon Group Security,27
42,"Stewart, Hammond and Delgado Security",36
43,Gutierrez-Mitchell Security,43
44,Wilson-Curtis Security,7
45,Franklin-Palmer Security,2
46,"Lewis, Robinson and Davis Security",39
47,Bailey LLC Security,42
48,"Stephenson, Ramirez and Lane Security",11
49,"Silva, Berg and West Security",43
50,Johnson Group Security,41
51,Lozano-Lloyd Security,45
52,"Garcia, King and Hess Security",17
53,"Burke, Meyers and Becker Security",28
54,Williams-Watts Security,14
55,"Campbell, Mcdaniel and Lewis Security",8
56,Hunter-Fox Security,49
57,"Koch, Obrien and Gibson Security",10
58,Morris-Bryant Security,40
59,Howell Group Security,39
60,Chavez Inc Security,4
61,Walker-Burgess Security,28
62,Jackson Inc Security,40
63,"Perez, Hammond and Holder Security",44
64,Contreras-Lopez Security,6
65,Wilson and Sons Security,17
66,Jackson Inc Security,25
67,Peters-Bryant Security,39
68,"Wilson, Mack and Brown Security",10
69,"Matthews, Davis and Flores Security",39
70,Lewis Group Security,48
71,Williams Ltd Security,7
72,Rogers and Sons Security,44
73,"Smith, Brown and Maxwell Security",11
74,Henry-Cox Security,22
75,Romero PLC Security,15
76,Sharp-Rodriguez Security,25
77,Green-Ewing Security,18
78,"Turner, Jones and Thompson Security",36
79,Lewis LLC Security,29
80,Griffin LLC Security,32
81,"Smith, Turner and Lopez Security",23
82,"Mcdowell, Jimenez and Molina Security",25
83,Horne Ltd Security,13
84,Rogers-Hayes Security,6
85,King-Porter Security,15
86,Fisher PLC Security,42
87,Ware and Sons Security,14
88,"Snyder, Collins and Simpson Security",43
89,Hampton Group Security,30
90,"Allen, Wright and Gates Security",1
91,"Gonzalez, Smith and Spencer Security",29
92,May-Reed Security,9
93,Hale-Hall Security,10
94,Wilcox PLC Security,8
95,"Lee, Montoya and Collins Security",23
96,Cooke-Franklin Security,39
97,Smith Inc Security,18
98,"Wilson, Smith and Clark Security",20
99,Shaw-Holden Security,8
100,Jones Inc Security,38
101,Robinson LLC Security,5
102,"White, Reilly and Robinson Security",44
103,Ellis-Ray Security,16
104,"Hall, Brown and Day Security",32
105,"Rhodes, Maddox and Valdez Security",49
106,"Gonzalez, Thompson and Mcmahon Security",39
107,Flores Ltd Security,28
108,Reed Group Security,13
109,Green PLC Security,24
110,"Harrington, Underwood and Mills Security",28
111,Taylor-Flores Security,6
112,Cummings-Cross Security,35
113,Lindsey Group Security,33
114,Johnson Ltd Security,19
115,Lee-Acevedo Security,23
116,Hansen Group Security,47
117,Mccann-Murray Security,20
118,Howard-Huffman Security,30
119,"French, Massey and Salinas Security",20
120,Brooks Ltd Security,14
121,"Young, Bryant and Moore Security",20
122,Hernandez and Sons Security,11
123,Thompson-Harris Security,48
124,Munoz and Sons Security,10
125,"Martin, Nelson and Ramos Security",10
126,Thompson and Sons Security,17
127,Simmons-Wells Security,28
128,"Robinson, Barber and Sanchez Security",37
129,Day-Marshall Security,35
130,"Hill, Black and Adams Security",41
131,"Benton, Harrison and Cook Security",1
132,Turner-Ramirez Security,43
133,Edwards-Rivers Security,41
134,"Black, Briggs and Glenn Security",30
135,Terry-Watson Security,49
136,"Wu, Sampson and Owens Security",37
137,"Torres, Perez and Graves Security",12
138,Whitaker and Sons Security,35
139,Cooper Group Security,25
140,Lane Ltd Security,4
141,"Adams, Bolton and Valencia Security",48
142,Hodges and Sons Security,42
143,"Underwood, Heath and Horne Security",19
144,"Bush, Meyer and Johnson Security",48
145,Gomez Ltd Security,2
146,Scott-James Security,26
147,Flynn Inc Security,42
148,Wise-Adams Security,37
149,Sanchez LLC Security,49
150,Mcmillan Inc Security,35
151,Harris-Hill Security,24
152,"White, Cervantes and Bass Security",35
153,"Powell, Evans and Decker Security",47
154,Oliver Inc Security,22
155,Thomas Ltd Security,43
156,Ballard Group Security,44
157,"Tanner, Kline and Morris Security",46
158,"Dunn, Hudson and Mclaughlin Security",50
159,Golden Group Security,1
160,Oneill Inc Security,49
161,Schmidt-Schneider Security,16
162,Reyes-Hutchinson Security,14
163,Wade-Nunez Security,34
164,"Williams, Waters and Terry Security",17
165,"Rush, Owens and Banks Security",37
166,Lee-Collins Security,30
167,Wilson-Murphy Security,11
168,Rivas-Mueller Security,46
169,"Miller, Crawford and Noble Security",21
170,"Garcia, Taylor and Bush Security",38
171,Bryant-Perez Security,23
172,Chaney-Blevins Security,17
173,Black LLC Security,38
174,"Brown, Raymond and Reed Security",18
175,Diaz Ltd Security,6
176,Floyd-Bates Security,9
177,Patel and Sons Security,45
178,Ward-Castaneda Security,22
179,Harris-Miller Security,25
180,Summers-Russell Security,26
181,Lewis PLC Security,23
182,Chandler-Phelps Security,40
183,"Wilson, Thomas and Wheeler Security",33
184,Neal-Bryant Security,33
185,Perry and Sons Security,48
186,Wright-Morse Security,6
187,Daniels PLC Security,5
188,Parrish-Hernandez Security,50
189,Duarte-Nichols Security,34
190,Stokes-Stanley Security,1
191,Nguyen-Delgado Security,14
192,Burton-Noble Security,25
193,Robbins Inc Security,33
194,"Griffin, Carpenter and Anderson Security",27
195,Nielsen LLC Security,44
196,Perry-Fitzpatrick Security,22
197,"Bailey, Gonzalez and Andrews Security",18
198,"Hall, Herrera and Smith Security",12
199,Gonzalez-Davila Security,23
200,Martinez PLC Security,18
