EventID,EventName,CountryID,Date
1,Say message lay open.,47,2023-11-19
2,Again pull despite recent.,12,2022-09-02
3,Lead huge situation read feeling.,31,2023-05-10
4,At behind garden again reveal.,27,2022-07-23
5,Catch cause another.,34,2023-11-01
6,Development it ever television discover somebody.,27,2022-10-09
7,Can affect political wind record.,16,2023-02-25
8,General some month not dog write situation.,40,2024-03-27
9,Suggest decision nothing partner.,11,2023-12-12
10,New car reason.,38,2024-01-05
11,Tend election happy drive.,19,2023-12-22
12,Upon study explain enough such charge.,27,2023-09-16
13,Worker have cell since return off much pay.,13,2023-02-13
14,Run east out decision point cover attorney.,16,2022-11-09
15,Save hair subject various economy.,35,2024-02-16
16,Also report money cell director guy light.,1,2023-06-07
17,Power the carry attention.,18,2023-11-25
18,Back allow truth service man only off.,40,2023-05-07
19,Your society artist stay.,50,2022-06-18
20,At home yet range in spring court.,22,2022-05-19
21,Than same work particularly.,35,2023-11-14
22,Republican would say according fund.,14,2023-03-01
23,Film blue face lay conference accept event.,34,2022-05-01
24,Store any which happy.,44,2024-03-13
25,Best own space other herself for development case.,28,2024-04-16
26,Attention officer test message receive.,23,2023-10-07
27,Again allow magazine maintain government keep end.,41,2024-03-14
28,Positive interest program director plan road audience.,8,2023-03-04
29,Culture them herself recognize thought woman character.,35,2024-02-15
30,Or nor answer land.,28,2023-06-28
31,Pressure fill language.,20,2024-02-03
32,Involve whatever myself sure.,19,2022-11-24
33,Computer town recognize big best push take.,48,2023-10-05
34,Act now might most animal group.,16,2022-12-27
35,Someone tell fire.,7,2023-11-20
36,System during us son minute.,36,2022-06-25
37,Structure or despite single understand.,6,2024-04-10
38,Travel bill another condition.,34,2023-09-17
39,Name peace trade pattern Democrat would.,4,2024-01-19
40,At few lose reach hard sit.,22,2022-09-03
41,Agency hundred game a main.,22,2022-10-03
42,Rest explain his social sit yourself.,11,2023-03-14
43,Develop physical affect woman citizen camera too above.,11,2024-01-07
44,Commercial Congress sign perform require.,33,2022-07-24
45,Assume job in result thus accept.,40,2022-07-08
46,Approach usually however condition difficult allow two.,38,2022-11-17
47,Them pay who then former.,10,2024-03-31
48,Future have use young.,4,2023-02-04
49,Pm personal least interest office.,20,2022-10-22
50,Send us than.,15,2024-02-22
51,Billion people become sort card among benefit.,8,2022-12-26
52,Billion buy interest create point north policy eat.,5,2022-07-30
53,Media career left.,8,2024-03-24
54,Mind number prepare should race.,26,2023-12-04
55,Nor box act join.,47,2023-06-27
56,Reach partner culture agency business.,20,2023-11-24
57,Direction notice leg cut.,50,2022-05-25
58,Security hard painting baby future.,41,2023-05-21
59,Future however ok close plant popular quite.,50,2023-01-19
60,Call sea exactly kind difficult others.,24,2023-05-16
61,Nature baby score shoulder large.,17,2023-10-11
62,Mission section last put case simply.,29,2023-11-21
63,Law face too stand area.,22,2023-11-02
64,Language do require guy boy concern sister range.,7,2022-07-31
65,Source anything all long word culture art.,7,2023-08-17
66,Hope rich sense stand country peace go Mr.,33,2023-04-30
67,Eight claim health note.,50,2024-03-21
68,Note war own must.,2,2023-07-14
69,Than husband water to sense protect.,28,2024-04-10
70,Organization project carry natural only.,21,2024-01-06
71,Main method source question indicate.,49,2023-12-29
72,Section pass walk.,11,2024-02-07
73,Space image well water everyone we.,28,2022-10-06
74,Each light fear find.,6,2022-12-05
75,Budget example special him everybody catch grow trade.,7,2023-07-18
76,Official both force camera build.,12,2023-05-23
77,Early success respond word water pay attention.,35,2022-05-26
78,Discuss me stop develop.,37,2023-06-22
79,Heavy I be start include.,7,2023-02-16
80,Reveal quite decade be compare here pass trip.,13,2023-11-16
81,Writer adult service bill beat full.,6,2023-02-09
82,Build another interesting financial many along song.,1,2022-06-25
83,Indicate people similar play question mother arm.,41,2022-08-11
84,Economic receive three name heavy.,38,2022-09-29
85,Usually size for newspaper agency water.,33,2022-09-18
86,Debate realize hit.,19,2023-12-05
87,Popular develop research break you interesting.,8,2023-04-06
88,Avoid cell reality impact Mr pretty front.,47,2023-02-27
89,South available personal total.,19,2022-04-30
90,New despite style detail position.,37,2023-01-09
91,Hope watch newspaper require event write pretty.,43,2022-10-05
92,Third kitchen new yeah if.,12,2023-12-26
93,Go a effect think thank.,11,2022-10-04
94,Doctor miss foreign drug think challenge eight.,34,2024-04-11
95,Real factor drive read.,38,2022-11-16
96,Herself poor maybe alone dinner.,30,2022-06-01
97,Thought road light story pass blood.,35,2023-07-25
98,Development bag listen movement.,15,2023-08-02
99,Service carry thus town science.,26,2022-07-27
100,Six involve month six by explain eat provide.,5,2023-10-20
101,Anyone government wish former environmental there rich.,46,2022-07-05
102,Each course service lead allow right technology quickly.,19,2022-05-06
103,Party should still could personal fast environmental seat.,33,2023-06-28
104,Figure station dog community when consider have three.,18,2023-09-12
105,Seek white democratic no evidence.,22,2023-06-12
106,Various wear catch thus family.,23,2022-05-22
107,Agency meet begin prevent report.,43,2022-09-30
108,Begin laugh down person way contain garden.,36,2023-11-02
109,Activity significant matter.,44,2022-09-06
110,Ok son boy own spring.,14,2023-10-26
111,Improve product program figure such recent.,14,2023-10-29
112,Fill piece least husband.,8,2022-12-03
113,Try serious several military seek.,50,2023-02-14
114,Idea smile there watch our entire campaign peace.,49,2024-03-23
115,Loss lawyer return ask.,46,2022-09-16
116,Friend important poor his.,47,2024-03-13
117,Usually side why official success.,14,2023-10-29
118,General city free across its half something.,4,2022-07-07
119,Write drug hospital help make sell.,40,2022-05-25
120,Figure kitchen his consider themselves determine piece then.,36,2022-07-25
121,Nature though prove great address air significant question.,23,2024-03-23
122,General myself still idea child able.,20,2022-05-26
123,Also pass ask.,15,2023-03-29
124,Occur able act case.,2,2023-03-10
125,Real onto free summer.,3,2022-11-03
126,Strong night this degree national.,5,2022-07-02
127,Some hotel talk news.,45,2023-01-11
128,Region tax event probably whether.,26,2022-05-07
129,Any little world direction father social heart.,5,2022-11-14
130,Financial machine purpose TV how series stop.,22,2023-06-26
131,Protect scene beyond music source animal research.,29,2023-10-18
132,Should sister pick dog somebody.,27,2022-12-11
133,Wide city term approach thought table growth.,48,2022-05-28
134,Represent maintain whose seem part control ready lay.,48,2022-08-16
135,Book majority total skin.,26,2024-04-13
136,On development star agent send station.,3,2022-06-17
137,Medical her design year talk car opportunity.,15,2022-05-28
138,Leader imagine again provide.,26,2022-05-01
139,Very to notice brother structure decide.,2,2024-02-18
140,Mother election only standard professional.,50,2022-12-19
141,Result Republican not pick.,20,2024-04-24
142,Usually majority authority pay.,18,2024-01-30
143,Evening real movie commercial order wish natural decade.,14,2023-05-20
144,Wonder should most job continue there reality purpose.,12,2023-04-02
145,Nation Republican new truth boy school very continue.,3,2023-08-10
146,Oil hard enter.,1,2024-03-18
147,Few outside society morning teach type.,10,2023-08-24
148,Month eat question move list concern.,21,2022-08-17
149,Strong page rock four attack attorney meeting.,33,2023-11-23
150,Heart able available professor student rest.,9,2022-10-26
151,Common represent team southern add thought.,46,2023-03-28
152,Right fall early contain indeed.,49,2024-03-31
153,Change about thing either join.,41,2022-11-22
154,Instead name smile picture social.,14,2024-04-18
155,Tree beat receive interest culture speak film.,21,2022-10-16
156,Land center out worry everybody see bill suffer.,7,2022-08-19
157,Staff drive south cover then lose resource second.,16,2022-10-24
158,White improve recent evidence Republican several continue.,42,2023-01-30
159,Five quickly go none clearly half less.,31,2023-06-06
160,Business beyond somebody wall parent.,39,2023-02-03
161,Plan century account environment out final.,50,2023-08-20
162,Congress fly heavy service address issue.,49,2022-06-14
163,Listen allow environmental lose mind.,23,2023-02-20
164,Table poor exactly experience tough.,16,2024-04-23
165,Current free value require test.,40,2022-11-04
166,Research turn dinner poor cost various study yard.,32,2023-08-22
167,Growth never mean bed.,18,2022-05-25
168,Marriage budget age avoid assume positive teach rock.,33,2023-12-09
169,Improve seem particular.,10,2023-12-23
170,Question research fast training risk happy me clearly.,33,2023-03-06
171,Sport charge national ok guy listen.,3,2023-12-24
172,These camera body want wrong writer food.,50,2022-12-25
173,Focus where deal nearly time.,1,2023-08-15
174,Hospital fish summer successful up.,37,2022-09-10
175,Be option have future.,37,2023-10-14
176,Sound sport room.,13,2023-08-08
177,Not stock similar politics discuss lawyer.,25,2023-11-20
178,Sister debate arrive class health.,4,2024-01-20
179,Summer south property thank manager.,4,2023-10-04
180,Process everyone case medical site.,8,2023-03-15
181,Past investment it with huge use.,37,2023-06-18
182,Believe room college book.,30,2023-02-27
183,Alone resource politics report hit.,39,2022-08-14
184,Moment relate president notice read bag training.,22,2022-05-18
185,Than two structure sort necessary necessary.,26,2022-07-15
186,Any somebody bit city TV.,45,2022-10-19
187,Speak toward stay responsibility fall class family situation.,22,2022-12-26
188,Local reason per shoulder three she.,20,2024-03-13
189,Support administration allow deep.,7,2024-02-01
190,Forward actually conference indeed size property respond.,43,2024-02-28
191,Unit item whole fill.,46,2022-12-27
192,Who kid forget south service.,27,2022-07-29
193,Security table camera goal relate suddenly.,3,2023-04-22
194,Imagine boy think.,20,2023-04-22
195,Line contain myself receive they until issue significant.,45,2022-10-11
196,Center light analysis area.,12,2024-03-05
197,Current commercial science record table network economic.,34,2022-12-16
198,Pull success body want make statement PM.,14,2022-07-05
199,They visit girl believe effort generation although reflect.,20,2022-12-09
200,Physical tonight approach word section kitchen out.,22,2022-12-14
201,Provide state position deep.,9,2023-07-21
202,Foot understand question base three.,8,2023-08-22
203,Clear travel finish huge card.,44,2023-09-04
204,Painting direction interview card.,15,2023-11-29
205,How six choose minute.,10,2023-08-29
206,Good project magazine behavior decision public.,16,2023-04-26
207,Want statement coach must bed.,41,2022-12-15
208,Authority still loss election.,10,2023-09-18
209,Name wish question however song bill decade commercial.,32,2022-11-03
210,Economic cover idea sell bag hair other.,1,2022-11-14
211,Dream bad ability physical.,26,2022-07-08
212,Address capital power top order.,18,2024-02-29
213,Accept organization cause environmental agreement visit as.,10,2022-07-07
214,Official security seem Mrs with each.,17,2024-01-09
215,Describe fund end box.,47,2022-08-23
216,Born stop teacher health which.,6,2022-10-23
217,Responsibility write whom.,17,2023-09-12
218,Above center local off performance close time.,40,2024-03-21
219,Moment strong loss remain most.,50,2023-04-10
220,Prove west often administration.,29,2022-10-06
221,Four recognize name write purpose.,9,2023-06-21
222,Consumer respond similar interest situation major within.,39,2023-01-30
223,Read involve really now.,36,2022-09-08
224,Gas another throughout treat despite information type.,49,2022-05-17
225,Hold oil huge wear.,31,2022-05-02
226,Product program TV detail house.,31,2022-08-31
227,Upon degree floor sure against.,5,2023-10-27
228,Argue avoid national color dark political.,4,2022-11-15
229,Blue development speak card plan it development because.,40,2022-11-10
230,Staff often southern heavy human.,8,2023-11-23
231,Especially course rest although visit protect ahead easy.,36,2023-05-15
232,Cost each question research still choice house result.,12,2024-02-08
233,Start whether else news affect continue.,19,2023-06-19
234,Sit white miss opportunity attorney eat.,34,2023-12-12
235,System practice their charge.,35,2022-11-30
236,Require small hard station week democratic.,6,2022-06-28
237,Identify conference without go begin rise.,40,2022-10-08
238,Gas as cup yourself cause general.,10,2022-05-18
239,Program worker news remember option question.,6,2024-04-26
240,Customer argue fire serious charge per.,2,2022-12-19
241,Eat scientist production apply anyone throw part.,28,2023-03-11
242,Current black dog.,1,2024-04-14
243,Themselves sit money traditional worker water owner.,46,2024-02-14
244,Everything subject leave many edge.,50,2023-08-04
245,Notice south street read enjoy his.,45,2023-04-07
246,Word wear financial court true down.,34,2024-01-08
247,Really senior life show yet across court.,23,2022-12-29
248,Member school now find check economic future treatment.,15,2023-09-08
249,Allow trade instead red over per.,5,2024-04-22
250,Move already save executive a clear.,37,2024-04-01
251,Together environment drive last while yet.,8,2023-09-08
252,Everybody moment market anyone church senior.,8,2023-10-25
253,Take think church family open.,24,2023-07-20
254,Six participant factor relationship society.,5,2022-09-16
255,Describe kind prevent maybe guess.,39,2023-07-27
256,Western yeah team spring race natural sell ahead.,12,2023-03-08
257,Official add authority.,2,2023-11-22
258,Room describe same three.,35,2023-06-18
259,Sound kitchen seem trip free.,45,2022-06-19
260,Fact every civil.,46,2022-07-11
261,Success use audience management democratic thought.,10,2023-05-27
262,Or across character special recently these.,26,2023-11-10
263,Memory tax body fund stock stuff open.,28,2023-08-20
264,Concern partner green relationship couple safe.,23,2022-09-01
265,Into rock pass.,41,2022-09-29
266,Able plan question option down although save.,17,2023-04-18
267,Agent staff while many month particular tough table.,25,2023-10-06
268,Agent tough box however.,17,2022-04-30
269,Impact eight quite ago sell.,45,2024-01-06
270,The do success will sit new alone.,32,2023-11-10
271,Benefit would material speech nature unit second.,17,2024-04-12
272,Bring join eat full Republican analysis involve.,31,2023-10-11
273,Commercial win expect large.,31,2023-01-07
274,Course general better remain.,16,2022-07-04
275,Specific decide give.,20,2023-10-30
276,Amount Mrs industry.,42,2023-06-09
277,Better son improve site discover middle.,21,2023-11-10
278,Specific may herself conference.,6,2023-05-07
279,Through rate effect whose.,15,2022-08-25
280,Your push hundred training movement time majority.,42,2024-04-27
281,Science lead order many that decision front.,11,2022-09-11
282,Option yard threat work raise.,37,2023-12-07
283,Majority model president rise.,15,2024-02-08
284,Garden arrive type blood system.,32,2023-12-30
285,True pull fire its compare small.,50,2023-03-11
286,Hand suddenly whose best learn itself trade.,35,2023-02-22
287,Federal south first office together.,50,2023-03-06
288,You kitchen very bit high.,38,2023-09-08
289,Take miss cultural black investment.,48,2024-01-30
290,Could other sell.,19,2024-02-25
291,Plan now between bar a trip beyond.,28,2022-09-13
292,Amount often professor camera agree large.,5,2023-05-02
293,Party notice send woman industry create.,12,2023-09-26
294,Up center something image area.,38,2023-03-15
295,Decide little respond.,8,2022-11-06
296,Put threat research alone pretty American.,46,2023-02-19
297,Sense include single read wait particular.,39,2023-08-16
298,Natural really notice future data result year.,9,2023-10-17
299,Production office answer hand.,30,2022-12-08
300,Hit fish prove accept thank listen.,14,2022-06-21
301,Behind method head above.,2,2022-05-11
302,Morning medical performance cup.,17,2024-04-06
303,Agreement tough share past.,21,2023-10-23
304,Church consumer plant write people test.,18,2023-10-22
305,Them wind tax watch research best stock.,8,2022-09-23
306,Situation every evidence tree whose will.,3,2022-12-18
307,Each exist begin now become east.,42,2022-05-21
308,Goal thank option Republican.,1,2022-12-16
309,Meet mission husband.,1,2024-03-03
310,Bag although nice eight act cell.,42,2023-01-21
311,Exist treatment book go.,44,2022-12-28
312,Health house manager fund court media process.,14,2023-09-20
313,Blue house box be project example world kind.,40,2023-04-26
314,Born level role late section two.,44,2022-11-29
315,Store learn indicate design western become.,40,2023-01-17
316,Who believe hair population college tree.,27,2022-10-23
317,Positive keep pull agree charge total short.,48,2023-02-20
318,Hair from fish.,38,2023-03-01
319,Idea between fund off participant about.,27,2022-12-29
320,Western turn line change above.,15,2023-09-01
321,Able lawyer pattern financial.,47,2024-01-09
322,During how drop stage poor participant.,41,2022-10-23
323,Weight plant oil alone value agency buy.,16,2024-01-09
324,Mouth evidence positive road get shoulder arrive.,17,2024-01-11
325,Few individual offer physical.,27,2023-01-27
326,Better candidate pretty.,44,2023-10-05
327,If drive need someone someone.,20,2023-06-14
328,Sell author past.,46,2023-02-14
329,Line agency on character bad realize police.,32,2022-12-12
330,Also test whole type.,35,2024-04-10
331,Manager plan everybody pick then degree decision.,12,2022-12-21
332,Into pay body whose note development.,3,2022-10-31
333,General prepare heart.,49,2022-07-06
334,You purpose others.,20,2022-08-19
335,Tell word represent million.,17,2023-01-16
336,Contain improve bit those staff indeed whatever degree.,17,2022-11-24
337,Stay million list tend war walk year forward.,39,2024-01-02
338,Score yourself bank yourself seat former you.,25,2023-12-19
339,Identify remain prepare ever mission federal.,38,2023-01-19
340,Hour cut senior.,33,2024-02-01
341,Later against her guy see able most.,46,2022-10-11
342,Central discuss perform reality firm short chair.,7,2022-07-24
343,Health gun yourself as way.,45,2023-08-30
344,Already evening whom best sort smile.,33,2023-12-09
345,Citizen director foot second rest question.,27,2024-03-09
346,Staff west gun television tonight claim adult.,1,2023-04-30
347,Put top fill soon group report.,12,2022-12-12
348,Seven reveal research attention ten blood agency.,33,2024-02-18
349,Example occur teach office husband outside.,48,2023-05-16
350,Forward behavior actually middle second room arrive kind.,48,2022-11-15
351,Produce build many administration service.,5,2023-02-03
352,Movie friend test I card.,10,2022-06-10
353,Size determine because apply.,22,2022-11-01
354,Also find next enjoy fast billion never.,3,2023-08-11
355,Remember line conference.,35,2023-09-17
356,Continue begin consumer Republican class.,27,2022-08-09
357,Let last performance.,18,2024-03-02
358,Process free course site among.,45,2023-10-24
359,Read professional film mission over article.,10,2022-08-17
360,Campaign cultural learn.,43,2024-03-25
361,Factor relationship writer majority child.,39,2023-03-10
362,Share near run executive the pretty.,18,2023-05-30
363,But carry assume.,45,2022-07-25
364,Require region whether thank hundred body success.,20,2022-08-22
365,Why enough own foreign from himself not.,49,2022-07-19
366,Quality deep test present news public than.,18,2023-08-08
367,Specific must man form.,17,2023-05-30
368,Born grow common perhaps water.,46,2023-05-22
369,Size near per special about.,30,2022-12-05
370,Song foreign executive society or.,48,2022-12-17
371,Run pull everything let not school important.,44,2023-09-09
372,Drop character traditional able.,41,2023-12-25
373,Health eye treatment.,18,2023-12-21
374,Dog degree voice among really character teacher.,36,2022-08-28
375,Test program reduce half approach give.,27,2023-06-13
376,Ground general suddenly a must.,11,2023-09-17
377,Reduce road opportunity stage church hope every.,18,2023-07-21
378,President power some wall.,4,2023-09-12
379,Hold anything five picture time.,23,2023-05-02
380,Point way tree step home.,4,2024-02-15
381,Require partner collection.,23,2022-07-29
382,Green wear base provide there.,4,2023-01-16
383,Huge point condition out inside color eye.,23,2023-02-17
384,Believe matter task traditional court.,34,2022-08-02
385,Charge play green traditional adult.,29,2023-06-09
386,Room country owner life.,40,2023-08-23
387,Small if increase factor official conference American her.,4,2023-11-23
388,Analysis young single professor understand artist assume.,4,2023-03-30
389,Father product according democratic eight detail.,2,2023-12-15
390,Interest form age decide fund woman dream.,24,2023-04-23
391,Management particularly successful beautiful.,36,2022-08-02
392,Some medical not town risk situation.,46,2022-10-23
393,Two respond four woman option agency off history.,27,2023-09-27
394,Last blood clear couple.,30,2023-06-08
395,Environmental dream hour voice.,47,2023-03-16
396,Compare figure minute.,48,2024-01-19
397,Far realize word brother follow to.,27,2022-10-17
398,Friend quality south.,21,2022-11-18
399,Institution back behavior never employee husband dream.,31,2022-07-24
400,Reality marriage off reveal sort country dinner.,33,2023-04-06
401,Hope across yard attack early.,29,2022-11-15
402,Standard against threat seek oil.,33,2023-11-10
403,Simply movement art evening inside main company.,9,2023-08-06
404,Back party your miss still hot.,40,2023-09-24
405,By baby local.,18,2023-12-14
406,General conference cultural heavy wonder near walk.,21,2022-09-18
407,Can note activity difference sure exactly while.,3,2023-05-04
408,Plant soon mention eat because.,1,2022-05-06
409,Boy occur officer break.,30,2024-02-04
410,Bar here only foot.,8,2023-11-15
411,Class series fall field tough recent bill.,25,2022-08-21
412,Report often firm become job tree.,50,2022-06-27
413,House between prevent drop wear Mrs.,43,2023-02-10
414,Laugh American anyone energy control end foot.,32,2024-03-20
415,Page risk assume price.,31,2023-12-03
416,Arm citizen collection agree already thus.,18,2022-07-23
417,About event test design.,6,2024-01-12
418,Draw name smile TV.,3,2024-03-09
419,Kid along unit stop answer story think.,18,2022-09-16
420,Born education foreign cell.,37,2024-02-02
421,Expect health small front paper sound animal.,3,2023-10-04
422,High side social tell break bill this.,4,2022-08-29
423,Pay senior somebody marriage join.,38,2022-08-12
424,Body couple believe nothing high.,33,2023-07-17
425,Drive traditional product weight police smile glass.,23,2022-05-21
426,Result east eye material that draw.,11,2022-06-26
427,Example agreement guess collection speak.,26,2022-07-20
428,Bring red yourself store skin join.,9,2022-06-04
429,Me same piece about.,25,2023-01-11
430,Conference medical wear election.,1,2022-11-17
431,Citizen position phone material.,47,2023-08-19
432,Hold table book score assume hand.,3,2023-12-19
433,Per front policy star care move.,2,2022-11-04
434,Know capital serve able cultural.,16,2023-07-03
435,Clear Mr skin culture.,19,2023-07-10
436,Yourself toward necessary piece difference.,13,2023-03-17
437,Fast within step note particularly six.,43,2022-06-24
438,Level read they treatment current.,38,2023-10-28
439,Old environment customer force scientist than.,49,2023-11-24
440,Question final reach per.,50,2022-08-04
441,Picture eye upon Democrat.,15,2024-01-01
442,Cause low environment what enter suggest traditional offer.,44,2022-09-25
443,Money way source style late stand minute.,33,2023-11-13
444,Pick senior put PM hotel investment position.,29,2023-05-03
445,Page although before call personal particular.,39,2022-11-12
446,Who final before.,7,2023-07-14
447,Source different series suggest which red deal design.,38,2023-05-16
448,Available amount daughter office their.,26,2022-08-06
449,Term street truth gun add.,29,2022-11-10
450,Themselves report sell federal.,30,2023-09-20
451,Campaign decade trouble age.,49,2022-08-15
452,Look democratic sport.,32,2023-04-08
453,Lot sound thank pressure.,10,2024-01-10
454,Beyond enter again hotel information indeed many.,47,2023-05-03
455,However wait same possible.,25,2023-09-18
456,More research if capital over.,18,2022-05-03
457,Herself try toward.,42,2023-03-09
458,Standard drug wife.,16,2022-10-17
459,Suffer green woman it.,44,2023-01-27
460,Official central these.,43,2022-06-09
461,Let natural try western.,3,2022-07-28
462,Where the my full method artist.,27,2024-01-21
463,Age recognize able identify event situation leg.,35,2024-01-28
464,Today month meet beautiful.,32,2024-04-26
465,Ready baby idea around who story officer.,49,2022-06-30
466,Finish coach course there those truth page.,16,2024-01-06
467,Case who Democrat.,1,2023-07-12
468,Bill action too.,46,2023-05-24
469,Low fight positive player.,13,2024-01-24
470,Business generation garden.,37,2023-09-14
471,Talk hear base move.,34,2023-04-04
472,Huge position exactly reflect run.,3,2023-11-27
473,Culture quality audience probably election.,35,2023-02-17
474,Fact fish new property game become.,22,2023-12-31
475,Another present vote include.,16,2022-05-22
476,Understand scene probably law similar.,3,2024-01-29
477,Grow admit American each often off particular.,36,2022-09-28
478,Produce like everybody TV none project.,45,2024-01-29
479,Discover reason stay.,7,2023-09-19
480,Seat if process future behind still.,4,2022-07-31
481,Part she week total.,40,2023-07-12
482,Something item strong set easy network down as.,36,2022-12-20
483,Fund to politics without floor subject current.,25,2023-04-25
484,Up outside blue music improve already.,29,2022-08-02
485,Turn wish later interesting thought phone.,8,2022-04-30
486,Wish hear she also.,12,2023-11-10
487,Weight another market late possible.,1,2022-10-05
488,Law continue easy recently hundred you.,2,2024-04-06
489,Begin east son Mrs.,11,2023-02-06
490,Significant on contain.,45,2022-09-17
491,Can little study town.,28,2022-07-23
492,Light simply field look read treat.,2,2022-06-22
493,Open few push.,40,2023-08-02
494,Bank anyone picture idea cultural.,40,2022-06-20
495,Increase station remember every writer drop often child.,33,2024-03-17
496,Condition maybe court early goal garden attorney.,3,2022-09-15
497,Power return attention finally behind road.,20,2022-10-21
498,Both off bag involve sing.,35,2022-12-16
499,Prevent tree hour.,14,2023-05-15
500,Common will either turn media hand sit.,31,2022-08-09
