OperationID,OperationName,CountryID,AgencyID,TechID,StartDate,EndDate
1,synthesize innovative portals,8,110,22,2023-05-25,2023-11-20
2,deploy real-time interfaces,46,75,79,2023-07-16,2022-09-03
3,deliver magnetic initiatives,19,42,85,2022-06-05,2023-06-26
4,productize extensible methodologies,35,114,111,2022-10-13,2022-05-21
5,reinvent sticky e-markets,22,52,19,2023-06-27,2023-07-25
6,re-contextualize distributed interfaces,1,156,83,2024-01-24,2023-09-29
7,e-enable cross-platform content,10,58,121,2022-06-27,2022-06-01
8,evolve extensible eyeballs,2,188,181,2023-03-31,2022-11-22
9,extend world-class web services,33,195,144,2024-03-03,2022-10-04
10,synergize world-class channels,35,103,169,2022-10-28,2023-04-24
11,grow one-to-one channels,11,193,143,2022-12-17,2024-01-13
12,utilize turn-key synergies,42,126,133,2023-06-08,2023-08-17
13,incentivize integrated experiences,36,21,165,2022-05-08,2023-05-08
14,productize web-enabled communities,21,7,156,2022-10-03,2022-06-05
15,unleash best-of-breed models,25,42,56,2022-09-16,2022-12-17
16,embrace leading-edge models,23,153,166,2022-08-09,2022-10-03
17,strategize visionary ROI,9,41,101,2022-11-13,2022-10-11
18,re-contextualize mission-critical eyeballs,39,133,43,2022-08-10,2023-08-22
19,embrace 24/365 e-business,15,142,134,2022-11-23,2023-11-30
20,brand bleeding-edge eyeballs,22,197,41,2023-05-06,2022-12-22
21,drive innovative web services,16,55,2,2023-04-23,2023-09-17
22,enhance vertical content,12,131,52,2023-11-12,2022-12-07
23,matrix enterprise initiatives,9,29,114,2022-08-02,2023-04-10
24,integrate B2C ROI,4,171,182,2023-07-17,2024-03-04
25,generate e-business content,42,122,54,2023-08-16,2022-09-03
26,drive transparent applications,36,173,182,2023-09-01,2023-04-23
27,optimize wireless functionalities,19,170,158,2023-03-31,2022-11-19
28,generate real-time deliverables,27,97,37,2023-06-14,2023-03-30
29,integrate interactive systems,11,119,199,2022-09-04,2022-10-03
30,maximize cross-platform info-mediaries,12,21,200,2023-02-05,2022-12-18
31,expedite bleeding-edge partnerships,39,164,56,2023-05-07,2023-02-27
32,empower vertical models,45,147,156,2022-08-09,2022-05-26
33,cultivate distributed metrics,30,166,163,2023-10-23,2023-12-22
34,re-contextualize strategic technologies,18,173,178,2022-10-05,2023-07-07
35,drive strategic technologies,5,12,8,2023-07-20,2023-02-07
36,evolve frictionless methodologies,32,61,180,2022-05-17,2024-04-06
37,e-enable cutting-edge channels,2,105,19,2023-05-10,2024-03-29
38,transform B2B channels,14,187,194,2023-07-19,2023-11-09
39,engineer holistic methodologies,2,67,70,2022-09-13,2023-05-16
40,seize world-class e-tailers,36,87,7,2023-02-14,2022-05-21
41,reinvent visionary models,49,83,86,2022-06-13,2022-07-14
42,brand dot-com technologies,40,152,1,2023-01-31,2023-01-23
43,synthesize holistic synergies,24,34,17,2024-02-23,2023-06-26
44,exploit enterprise networks,37,56,5,2023-05-16,2024-04-21
45,syndicate transparent portals,14,126,166,2024-01-23,2024-04-26
46,transition user-centric technologies,4,141,126,2022-05-20,2023-12-14
47,reinvent global partnerships,37,195,132,2023-10-11,2024-01-24
48,mesh enterprise schemas,50,175,26,2024-02-17,2024-04-13
49,expedite leading-edge functionalities,45,111,195,2023-05-23,2023-03-27
50,envisioneer killer channels,36,76,26,2023-10-25,2022-08-22
51,seize impactful eyeballs,49,33,88,2023-11-10,2023-11-30
52,benchmark magnetic initiatives,9,29,24,2023-07-10,2022-09-19
53,engineer end-to-end experiences,32,25,156,2022-10-20,2022-06-04
54,re-intermediate synergistic experiences,19,170,75,2024-04-26,2024-04-08
55,re-intermediate killer methodologies,24,41,14,2024-03-11,2023-03-25
56,visualize 24/7 relationships,4,169,18,2024-01-24,2022-07-23
57,leverage synergistic experiences,37,23,173,2023-12-26,2023-04-02
58,whiteboard rich web-readiness,4,131,126,2023-12-30,2022-10-06
59,morph real-time eyeballs,25,54,42,2023-12-17,2023-07-20
60,expedite synergistic initiatives,17,59,156,2022-12-08,2022-08-08
61,grow turn-key functionalities,14,35,94,2022-07-23,2022-11-20
62,iterate web-enabled markets,8,150,9,2023-12-27,2022-11-28
63,re-contextualize cross-media channels,31,113,44,2022-08-14,2022-11-30
64,aggregate cutting-edge models,11,116,162,2023-01-21,2022-12-11
65,re-intermediate vertical metrics,21,65,89,2022-05-12,2023-08-12
66,engineer e-business mindshare,16,132,13,2022-07-13,2023-09-15
67,innovate user-centric platforms,45,107,96,2022-12-06,2023-11-29
68,mesh mission-critical portals,33,34,22,2022-08-13,2023-05-11
69,brand virtual ROI,25,122,104,2022-07-21,2022-07-10
70,deliver innovative metrics,32,118,180,2022-11-10,2022-10-27
71,expedite leading-edge e-markets,47,19,192,2023-02-13,2023-10-30
72,mesh vertical web-readiness,12,40,166,2022-09-19,2023-04-19
73,streamline collaborative interfaces,17,180,40,2022-07-30,2023-09-04
74,visualize cross-platform content,35,100,185,2023-04-29,2022-07-21
75,enable world-class systems,40,118,193,2023-01-09,2022-08-24
76,optimize 24/7 convergence,46,66,27,2024-01-13,2022-08-06
77,strategize bricks-and-clicks schemas,18,74,172,2024-01-29,2022-09-07
78,morph distributed communities,17,70,3,2023-04-27,2022-06-09
79,engage visionary paradigms,48,30,175,2023-03-13,2023-08-29
80,facilitate bricks-and-clicks web-readiness,31,153,88,2024-04-09,2022-08-25
81,target back-end eyeballs,37,82,61,2023-03-08,2022-05-06
82,empower mission-critical users,5,196,187,2024-02-23,2022-12-23
83,implement best-of-breed web services,45,88,90,2023-12-29,2023-02-12
84,seize killer vortals,13,39,147,2023-12-26,2023-07-31
85,exploit rich content,39,131,54,2023-06-06,2024-03-13
86,expedite distributed e-commerce,9,109,4,2023-08-04,2023-07-10
87,reinvent back-end paradigms,30,139,111,2023-06-20,2023-07-13
88,drive vertical networks,25,127,93,2024-03-26,2023-06-30
89,leverage innovative communities,47,100,143,2023-01-17,2023-06-21
90,reinvent wireless bandwidth,27,70,68,2024-01-05,2022-05-09
91,e-enable value-added supply-chains,5,49,50,2022-07-03,2023-09-16
92,enhance value-added functionalities,5,192,82,2022-08-03,2023-04-12
93,transition plug-and-play bandwidth,20,4,114,2023-08-31,2022-10-28
94,reinvent bleeding-edge synergies,22,179,190,2022-10-18,2023-12-27
95,aggregate strategic web-readiness,3,126,149,2022-11-20,2023-06-12
96,e-enable cross-media architectures,43,196,199,2023-11-17,2023-03-25
97,disintermediate bricks-and-clicks partnerships,29,69,186,2023-12-02,2022-07-02
98,enhance sticky technologies,26,187,84,2022-10-21,2023-12-16
99,evolve vertical mindshare,6,111,17,2022-09-30,2023-08-10
100,morph strategic users,11,71,98,2023-09-10,2023-04-18
101,embrace ubiquitous experiences,23,22,129,2024-01-08,2022-12-26
102,cultivate 24/7 platforms,46,180,160,2024-03-08,2023-08-01
103,repurpose compelling web-readiness,8,134,78,2024-01-14,2023-11-11
104,monetize one-to-one ROI,10,185,141,2023-01-28,2024-04-17
105,matrix value-added portals,34,59,151,2024-02-28,2022-05-08
106,harness world-class web services,12,135,106,2023-11-26,2022-12-22
107,orchestrate interactive networks,35,47,200,2022-05-30,2023-09-29
108,extend killer e-markets,2,186,11,2022-07-11,2023-04-30
109,synergize cross-platform schemas,30,64,167,2023-07-19,2022-10-01
110,synergize 24/365 bandwidth,16,78,166,2024-02-06,2022-09-01
111,re-intermediate customized models,7,193,101,2023-09-22,2024-02-18
112,iterate compelling niches,47,49,180,2022-07-18,2024-02-26
113,harness leading-edge metrics,41,130,122,2024-02-07,2022-12-29
114,e-enable vertical interfaces,27,166,5,2022-12-21,2022-09-01
115,orchestrate proactive deliverables,50,4,77,2022-06-13,2023-02-24
116,integrate value-added solutions,21,151,156,2023-09-14,2024-03-09
117,optimize synergistic initiatives,19,123,161,2022-05-23,2023-05-26
118,exploit granular methodologies,41,73,16,2023-01-05,2024-04-21
119,empower value-added methodologies,14,139,78,2023-03-23,2024-02-12
120,productize enterprise bandwidth,48,157,12,2023-11-23,2023-01-09
121,whiteboard mission-critical models,41,125,72,2022-12-11,2024-04-27
122,transform robust portals,49,103,159,2023-09-17,2022-06-06
123,redefine customized communities,16,182,122,2024-03-02,2023-09-04
124,reinvent proactive e-tailers,17,10,34,2024-02-25,2022-06-15
125,synergize next-generation relationships,47,24,107,2023-11-11,2022-07-25
126,scale best-of-breed eyeballs,3,162,168,2022-11-07,2022-10-14
127,productize clicks-and-mortar e-services,9,184,125,2023-06-26,2023-10-24
128,deliver back-end partnerships,22,66,15,2024-01-07,2024-02-12
129,benchmark clicks-and-mortar markets,41,17,7,2022-08-24,2022-10-14
130,orchestrate user-centric niches,14,137,62,2023-12-26,2022-12-10
131,mesh integrated channels,40,4,187,2023-07-26,2022-07-05
132,re-contextualize 24/365 infrastructures,20,131,7,2022-09-11,2023-05-03
133,aggregate customized e-commerce,15,18,146,2024-03-08,2022-12-25
134,iterate turn-key technologies,39,6,55,2022-12-02,2022-12-16
135,enhance best-of-breed methodologies,23,25,60,2023-03-01,2023-01-27
136,seize out-of-the-box schemas,13,151,173,2022-07-02,2022-06-06
137,architect visionary eyeballs,24,112,33,2024-03-02,2024-04-02
138,scale 24/365 info-mediaries,19,78,74,2023-10-16,2022-11-04
139,envisioneer cross-platform functionalities,39,122,199,2024-01-07,2023-08-20
140,grow robust eyeballs,35,127,147,2022-12-08,2023-03-06
141,scale innovative e-services,11,178,21,2023-12-23,2023-09-04
142,implement viral paradigms,14,167,89,2022-07-16,2023-07-31
143,engineer robust applications,38,170,199,2023-03-30,2023-10-19
144,leverage intuitive content,4,173,37,2023-12-22,2023-09-03
145,drive synergistic functionalities,24,74,154,2024-04-05,2023-04-01
146,repurpose synergistic channels,3,119,86,2023-01-24,2023-04-18
147,revolutionize compelling communities,26,66,83,2024-04-23,2023-03-09
148,aggregate open-source communities,50,80,120,2023-02-11,2022-08-05
149,brand revolutionary experiences,43,76,149,2022-10-12,2023-04-07
150,iterate sticky convergence,24,71,17,2022-10-06,2023-09-21
151,integrate rich technologies,33,195,59,2023-08-24,2022-09-01
152,strategize robust mindshare,9,137,94,2024-02-03,2023-12-18
153,productize seamless functionalities,12,91,3,2023-12-08,2022-12-14
154,extend cutting-edge metrics,17,139,147,2023-12-14,2024-04-14
155,streamline plug-and-play infrastructures,49,162,174,2023-05-28,2024-04-08
156,expedite collaborative web-readiness,40,13,155,2022-05-17,2022-09-17
157,synthesize magnetic e-tailers,20,100,72,2023-07-19,2022-10-29
158,streamline open-source info-mediaries,29,189,200,2024-03-15,2024-04-18
159,seize granular portals,15,154,148,2022-10-25,2023-12-07
160,innovate front-end paradigms,6,36,4,2023-04-30,2022-07-14
161,productize bleeding-edge niches,31,7,118,2023-10-22,2022-10-07
162,benchmark strategic convergence,45,125,200,2022-10-02,2023-10-08
163,syndicate scalable systems,29,146,99,2024-01-13,2023-11-15
164,generate rich users,11,157,171,2023-01-18,2023-05-25
165,incentivize web-enabled systems,44,146,131,2023-09-03,2022-09-10
166,unleash proactive convergence,39,103,24,2023-10-27,2022-05-18
167,matrix scalable applications,45,154,75,2023-07-12,2022-08-06
168,strategize mission-critical channels,20,73,99,2023-01-10,2022-12-17
169,e-enable next-generation methodologies,30,58,51,2023-10-16,2024-02-02
170,iterate user-centric technologies,45,58,30,2023-05-16,2022-05-20
171,enhance one-to-one users,9,194,61,2023-11-27,2023-09-12
172,engineer wireless e-tailers,19,193,161,2022-08-14,2023-12-23
173,mesh ubiquitous bandwidth,4,95,158,2023-11-13,2023-07-31
174,re-contextualize killer schemas,28,28,164,2022-12-25,2022-10-20
175,facilitate distributed schemas,42,83,162,2023-04-22,2022-06-29
176,synthesize extensible users,28,2,132,2023-02-17,2023-05-15
177,strategize front-end content,2,198,152,2023-07-08,2023-12-04
178,mesh viral web-readiness,50,59,50,2024-02-01,2023-11-19
179,re-intermediate value-added deliverables,20,107,133,2022-04-29,2024-01-01
180,leverage robust niches,37,15,17,2024-03-10,2022-09-21
181,utilize bleeding-edge initiatives,17,43,137,2023-07-14,2023-06-04
182,innovate end-to-end channels,48,61,197,2022-05-06,2024-03-19
183,seize best-of-breed initiatives,41,29,194,2022-06-18,2023-11-05
184,brand proactive info-mediaries,25,22,29,2023-09-03,2024-03-14
185,architect 24/365 solutions,46,92,106,2022-10-21,2023-01-24
186,harness dot-com schemas,14,28,144,2022-10-13,2024-04-27
187,engage impactful e-markets,40,102,122,2023-11-14,2023-09-09
188,morph killer relationships,2,126,186,2023-08-17,2023-11-28
189,strategize collaborative e-markets,39,52,137,2022-09-05,2022-11-22
190,transform bleeding-edge applications,10,156,182,2023-01-26,2023-06-14
191,productize cross-platform e-tailers,25,132,37,2023-09-07,2022-10-18
192,synergize next-generation portals,13,87,37,2022-12-24,2024-02-24
193,repurpose dot-com action-items,13,85,79,2022-12-04,2024-01-27
194,enhance world-class solutions,19,1,2,2023-08-02,2024-04-26
195,facilitate one-to-one markets,7,173,150,2022-07-08,2023-12-01
196,cultivate intuitive technologies,18,43,151,2022-10-15,2023-02-17
197,monetize back-end technologies,10,158,22,2023-11-11,2023-04-19
198,generate 24/365 e-business,48,74,20,2023-07-03,2022-10-11
199,incentivize customized partnerships,3,53,167,2023-02-10,2023-01-17
200,re-contextualize proactive synergies,22,2,6,2023-03-21,2022-05-18
201,integrate dynamic functionalities,18,192,184,2023-07-25,2023-04-05
202,streamline enterprise info-mediaries,20,175,73,2022-09-20,2023-09-18
203,cultivate clicks-and-mortar deliverables,2,76,177,2023-05-15,2024-03-07
204,re-contextualize dot-com partnerships,9,86,52,2024-03-26,2024-02-12
205,cultivate best-of-breed infrastructures,28,124,72,2023-03-24,2022-09-03
206,evolve killer content,3,85,132,2024-02-27,2023-06-03
207,empower revolutionary functionalities,34,44,167,2023-10-14,2022-08-07
208,benchmark scalable e-services,44,35,161,2024-03-17,2023-02-12
209,embrace rich systems,32,198,23,2023-03-09,2023-02-05
210,disintermediate visionary e-markets,28,128,136,2024-02-26,2023-07-14
211,architect customized e-business,28,88,23,2023-07-07,2024-01-23
212,e-enable magnetic partnerships,4,175,63,2022-10-15,2022-12-30
213,cultivate B2C vortals,46,56,35,2024-01-07,2023-12-20
214,mesh bleeding-edge convergence,21,163,199,2024-02-05,2023-03-12
215,visualize cross-platform relationships,36,12,51,2022-07-17,2023-04-07
216,generate magnetic eyeballs,50,60,44,2022-10-31,2022-10-29
217,harness visionary channels,37,138,45,2023-01-07,2023-05-29
218,redefine wireless content,13,47,76,2023-02-25,2023-02-15
219,exploit sticky markets,46,81,117,2022-07-11,2023-03-04
220,maximize holistic e-commerce,32,4,41,2023-02-09,2023-12-01
221,streamline visionary schemas,36,131,192,2023-11-06,2022-07-28
222,re-intermediate plug-and-play infrastructures,20,75,145,2024-03-17,2023-04-21
223,re-intermediate cutting-edge channels,46,9,68,2022-10-27,2023-10-30
224,seize B2C architectures,41,109,111,2023-04-01,2023-01-05
225,benchmark world-class eyeballs,42,26,122,2023-03-07,2023-02-07
226,re-contextualize transparent models,1,66,60,2024-02-25,2023-11-05
227,monetize real-time action-items,18,198,180,2023-04-06,2023-08-11
228,utilize dynamic e-tailers,45,176,121,2022-09-13,2023-06-11
229,iterate viral architectures,8,38,53,2023-04-08,2022-09-19
230,utilize plug-and-play e-markets,44,172,157,2023-01-11,2022-07-14
231,exploit back-end partnerships,24,168,52,2023-02-22,2023-05-01
232,streamline world-class mindshare,36,12,6,2023-04-10,2024-03-16
233,disintermediate value-added initiatives,44,123,172,2022-08-30,2023-07-21
234,extend leading-edge niches,46,21,88,2023-11-07,2023-08-24
235,enable innovative communities,45,186,139,2022-12-17,2023-09-18
236,revolutionize transparent e-markets,36,9,130,2022-09-15,2024-01-12
237,whiteboard enterprise e-commerce,2,197,152,2022-05-12,2023-01-07
238,target next-generation metrics,24,58,31,2022-05-30,2023-05-15
239,exploit 24/365 initiatives,22,13,147,2024-04-03,2023-08-24
240,iterate dynamic web services,36,187,73,2023-02-21,2022-12-10
241,embrace magnetic schemas,40,17,106,2022-06-30,2022-05-13
242,revolutionize world-class paradigms,49,196,43,2022-08-23,2023-05-24
243,seize synergistic convergence,9,66,112,2022-11-04,2023-03-27
244,revolutionize impactful niches,23,35,51,2022-07-16,2024-03-10
245,extend back-end web-readiness,5,5,130,2023-07-19,2023-03-27
246,cultivate interactive communities,47,97,85,2023-09-03,2023-03-09
247,architect visionary e-commerce,45,163,23,2023-12-04,2022-09-08
248,productize dot-com channels,48,77,95,2022-10-13,2022-12-29
249,seize distributed ROI,26,82,194,2023-05-09,2024-04-13
250,exploit viral partnerships,50,19,110,2023-01-05,2022-07-14
251,unleash best-of-breed schemas,34,162,15,2023-10-18,2024-04-22
252,aggregate integrated models,27,70,83,2022-11-25,2023-10-03
253,embrace enterprise systems,14,107,136,2022-09-14,2022-11-06
254,incubate clicks-and-mortar convergence,46,87,103,2022-12-06,2022-05-06
255,benchmark cross-media partnerships,4,145,18,2023-03-22,2022-07-18
256,harness bricks-and-clicks web services,18,200,181,2023-07-15,2023-12-23
257,incentivize impactful schemas,9,13,153,2022-12-08,2022-09-04
258,harness open-source bandwidth,12,101,91,2022-12-10,2024-03-28
259,brand distributed eyeballs,31,19,187,2022-10-07,2023-01-18
260,reinvent rich convergence,5,54,122,2024-03-07,2022-07-21
261,aggregate B2C initiatives,7,50,68,2024-01-11,2024-02-10
262,repurpose killer applications,4,132,173,2022-11-06,2023-08-25
263,brand intuitive bandwidth,49,68,144,2022-06-24,2023-10-02
264,aggregate web-enabled applications,17,168,159,2024-03-11,2023-07-27
265,productize value-added channels,49,140,118,2022-07-15,2023-04-11
266,deploy one-to-one e-tailers,42,200,43,2023-05-30,2023-02-02
267,exploit open-source architectures,6,22,88,2024-01-17,2022-09-03
268,generate B2C users,32,52,64,2023-01-05,2022-09-16
269,implement 24/7 schemas,42,148,50,2023-03-01,2023-11-27
270,redefine turn-key web services,18,162,121,2022-10-08,2023-11-26
271,target cross-platform e-business,47,2,48,2024-03-16,2022-05-21
272,evolve leading-edge e-tailers,48,4,52,2023-09-12,2023-12-24
273,synergize extensible e-tailers,19,138,152,2023-06-26,2023-09-17
274,engage bricks-and-clicks experiences,27,92,173,2023-12-25,2024-04-08
275,leverage innovative technologies,50,129,45,2023-10-25,2023-10-16
276,mesh collaborative ROI,15,25,110,2024-03-13,2023-01-01
277,iterate transparent users,29,188,188,2023-03-10,2024-01-15
278,brand innovative metrics,3,167,157,2022-09-08,2022-07-31
279,benchmark clicks-and-mortar vortals,25,71,129,2022-07-05,2022-11-21
280,visualize bricks-and-clicks e-markets,8,117,133,2023-04-03,2023-08-25
281,implement value-added e-services,31,198,71,2023-04-05,2024-03-01
282,cultivate real-time channels,18,136,66,2023-06-25,2023-06-30
283,orchestrate extensible networks,13,184,77,2023-09-28,2024-01-06
284,iterate holistic partnerships,40,20,38,2023-02-27,2024-03-19
285,incubate integrated relationships,18,23,130,2022-06-23,2024-02-19
286,morph interactive portals,1,197,25,2023-08-31,2022-11-11
287,whiteboard dynamic synergies,31,149,105,2022-05-02,2024-02-29
288,transition bricks-and-clicks e-commerce,11,94,104,2024-03-09,2022-09-05
289,maximize revolutionary web services,29,142,36,2024-02-03,2022-05-29
290,disintermediate intuitive web services,38,95,20,2022-10-03,2024-01-17
291,integrate interactive niches,20,77,104,2022-05-19,2023-06-27
292,target frictionless applications,34,198,140,2023-08-01,2023-03-02
293,cultivate turn-key channels,13,126,15,2024-03-14,2024-03-04
294,revolutionize dynamic relationships,11,101,180,2023-12-03,2022-12-01
295,exploit proactive partnerships,2,46,148,2023-07-26,2023-04-06
296,generate revolutionary markets,16,162,186,2023-11-24,2024-02-13
297,repurpose killer e-tailers,12,8,158,2022-12-01,2023-02-17
298,mesh granular experiences,28,166,186,2023-04-07,2022-08-06
299,matrix world-class action-items,17,148,155,2024-02-27,2024-01-21
300,transition turn-key models,40,153,180,2024-03-19,2023-02-25
301,generate customized initiatives,40,107,21,2023-12-18,2022-10-27
302,e-enable robust vortals,29,10,52,2023-11-18,2023-04-26
303,seize world-class systems,20,98,26,2023-12-15,2023-08-28
304,maximize turn-key interfaces,49,139,56,2024-04-12,2023-09-07
305,maximize value-added web services,14,161,53,2022-07-23,2023-06-23
306,enable innovative synergies,7,39,27,2024-04-20,2022-05-25
307,aggregate dynamic technologies,33,12,156,2022-12-24,2023-05-15
308,disintermediate ubiquitous deliverables,15,159,112,2023-09-04,2023-11-03
309,benchmark B2B content,48,29,145,2023-06-10,2022-06-08
310,syndicate customized technologies,36,136,114,2022-09-09,2023-04-13
311,benchmark B2C methodologies,36,198,132,2024-01-18,2022-11-09
312,disintermediate impactful solutions,31,77,153,2024-01-31,2023-11-30
313,architect 24/365 e-business,12,1,78,2022-06-21,2023-01-14
314,syndicate synergistic functionalities,13,70,8,2023-12-01,2023-06-11
315,matrix virtual web-readiness,10,159,85,2023-08-28,2022-11-11
316,embrace killer infrastructures,34,53,179,2024-04-12,2024-03-20
317,synthesize magnetic initiatives,9,27,162,2023-09-02,2023-05-06
318,optimize web-enabled synergies,29,136,24,2023-03-15,2022-08-13
319,scale vertical e-commerce,30,27,52,2023-01-11,2024-01-26
320,grow frictionless systems,23,52,91,2024-02-10,2022-08-05
321,leverage 24/7 web services,5,40,198,2024-04-03,2023-12-09
322,revolutionize ubiquitous functionalities,7,79,37,2024-03-31,2024-01-29
323,cultivate integrated convergence,6,146,196,2022-09-08,2024-04-08
324,optimize transparent paradigms,3,12,175,2022-12-19,2022-05-18
325,re-intermediate cross-media niches,22,94,109,2022-09-29,2023-04-15
326,visualize e-business functionalities,18,124,24,2022-10-14,2023-08-25
327,generate web-enabled models,48,63,87,2023-05-29,2023-10-02
328,unleash end-to-end communities,18,171,111,2022-08-15,2023-03-08
329,optimize killer e-markets,23,131,55,2024-03-28,2023-02-23
330,repurpose mission-critical eyeballs,32,103,109,2022-07-29,2023-03-11
331,streamline user-centric bandwidth,1,153,49,2023-04-19,2023-03-09
332,unleash viral bandwidth,44,95,186,2022-12-18,2022-05-08
333,revolutionize extensible applications,33,55,51,2023-02-16,2023-10-08
334,brand enterprise methodologies,26,1,50,2022-06-17,2023-09-18
335,extend innovative metrics,32,156,144,2024-01-19,2022-10-07
336,utilize viral web services,44,121,144,2022-06-02,2022-05-20
337,transition killer functionalities,8,76,156,2023-02-15,2023-08-16
338,syndicate killer platforms,31,198,123,2022-07-04,2024-04-27
339,integrate proactive relationships,17,142,141,2022-09-19,2024-01-15
340,embrace value-added models,32,160,42,2022-11-17,2023-08-19
341,generate sticky content,38,56,148,2022-09-26,2023-04-22
342,incentivize sticky e-commerce,6,20,96,2023-11-16,2023-07-24
343,maximize one-to-one web services,20,86,188,2024-03-12,2024-03-13
344,synthesize dot-com users,22,171,11,2023-07-24,2023-02-19
345,incentivize clicks-and-mortar bandwidth,45,57,176,2022-05-10,2022-11-19
346,enable compelling mindshare,10,90,29,2023-12-24,2022-07-06
347,productize seamless mindshare,27,60,190,2024-04-22,2024-02-27
348,brand B2B partnerships,16,29,109,2024-02-23,2024-02-08
349,streamline B2C action-items,43,81,110,2023-12-14,2023-05-27
350,unleash dynamic models,18,145,58,2023-04-15,2022-06-23
351,expedite customized e-commerce,1,1,26,2024-01-23,2024-03-02
352,deploy turn-key bandwidth,18,170,126,2023-09-28,2023-11-13
353,innovate visionary partnerships,48,200,144,2023-02-14,2023-03-29
354,optimize robust partnerships,30,73,54,2022-07-31,2023-07-03
355,optimize dot-com e-commerce,38,32,184,2023-12-19,2023-05-14
356,incentivize 24/7 eyeballs,28,10,89,2023-07-13,2023-09-02
357,scale cross-media models,11,175,161,2022-11-19,2023-10-03
358,enable leading-edge platforms,39,190,32,2024-03-24,2022-11-30
359,transition e-business platforms,35,68,189,2023-06-27,2024-04-10
360,scale intuitive paradigms,45,74,119,2023-02-24,2022-06-13
361,benchmark integrated e-services,38,115,32,2022-05-11,2022-11-23
362,benchmark value-added web services,2,140,10,2023-06-14,2023-03-28
363,evolve turn-key portals,2,162,136,2023-07-01,2022-08-02
364,benchmark collaborative platforms,22,38,113,2022-07-13,2024-02-19
365,empower collaborative functionalities,4,99,98,2023-11-06,2024-03-07
366,generate user-centric platforms,28,68,131,2022-10-02,2022-05-31
367,strategize e-business markets,26,8,101,2023-03-13,2024-03-24
368,integrate scalable content,35,50,96,2023-12-30,2023-09-15
369,re-intermediate intuitive systems,11,20,96,2024-02-26,2023-04-27
370,drive killer partnerships,36,57,194,2023-08-12,2023-11-11
371,synthesize customized applications,14,31,122,2024-02-01,2023-06-11
372,cultivate clicks-and-mortar networks,28,14,37,2023-10-24,2023-02-18
373,mesh cross-platform initiatives,19,103,35,2022-06-11,2023-03-09
374,engage user-centric systems,32,37,108,2024-02-09,2022-11-13
375,implement compelling action-items,33,191,50,2024-03-07,2023-07-29
376,target bleeding-edge paradigms,37,56,53,2024-04-27,2023-03-06
377,disintermediate next-generation e-tailers,37,32,168,2023-08-25,2023-07-28
378,productize sticky experiences,23,97,50,2023-01-31,2022-12-29
379,synergize customized convergence,14,26,133,2023-09-18,2023-03-15
380,harness turn-key users,1,67,123,2022-07-03,2022-05-08
381,scale dynamic channels,18,56,86,2022-08-28,2023-01-13
382,envisioneer next-generation e-commerce,2,79,137,2023-08-06,2023-06-04
383,morph cross-platform eyeballs,35,120,129,2023-04-24,2023-10-02
384,incubate virtual deliverables,30,16,121,2022-07-11,2024-03-30
385,synthesize granular applications,5,113,142,2022-05-15,2023-12-21
386,visualize turn-key vortals,40,49,181,2024-02-13,2024-03-23
387,envisioneer robust markets,45,195,152,2022-07-11,2024-03-21
388,visualize distributed niches,14,147,77,2022-06-23,2023-05-10
389,envisioneer holistic channels,29,106,103,2023-06-20,2023-03-07
390,innovate collaborative functionalities,29,153,156,2024-03-18,2024-02-10
391,redefine rich initiatives,44,94,2,2022-05-13,2023-04-26
392,transform collaborative architectures,44,198,15,2022-05-10,2022-12-14
393,maximize front-end initiatives,46,80,82,2022-06-25,2022-12-31
394,unleash clicks-and-mortar infrastructures,18,181,4,2024-01-25,2023-09-01
395,scale synergistic content,37,112,79,2023-10-26,2023-10-25
396,grow visionary supply-chains,42,17,147,2022-12-13,2023-09-06
397,implement one-to-one interfaces,19,142,108,2022-09-09,2023-02-09
398,architect seamless architectures,21,76,123,2023-03-07,2023-11-27
399,extend out-of-the-box platforms,8,155,56,2023-11-19,2023-12-03
400,enhance strategic info-mediaries,7,101,41,2023-04-15,2022-07-21
401,grow compelling interfaces,39,56,149,2024-04-26,2023-09-29
402,generate B2C partnerships,13,92,118,2023-04-26,2023-01-03
403,matrix viral synergies,23,45,28,2023-11-25,2023-08-16
404,iterate magnetic e-markets,35,68,97,2023-12-07,2024-02-03
405,monetize strategic vortals,26,20,24,2023-09-29,2022-05-02
406,generate customized metrics,41,42,35,2023-06-10,2023-07-24
407,streamline cutting-edge e-commerce,40,133,35,2023-10-26,2023-11-20
408,orchestrate distributed networks,42,109,57,2023-08-30,2023-11-30
409,empower bleeding-edge mindshare,16,26,88,2022-10-25,2024-01-31
410,generate rich solutions,15,168,30,2024-04-12,2022-06-17
411,synthesize frictionless infrastructures,15,73,108,2023-01-29,2023-12-02
412,empower bleeding-edge platforms,44,2,108,2023-05-15,2023-02-16
413,enable synergistic mindshare,24,11,69,2022-12-26,2023-09-13
414,scale cutting-edge communities,8,64,95,2023-05-29,2022-04-30
415,iterate vertical niches,15,169,195,2022-07-05,2024-04-21
416,engage wireless methodologies,49,97,71,2023-12-26,2022-05-10
417,aggregate collaborative content,50,51,50,2022-11-08,2022-10-05
418,utilize end-to-end web services,28,179,80,2023-11-27,2022-11-03
419,empower real-time niches,24,169,117,2022-11-20,2023-05-30
420,seize turn-key architectures,18,17,10,2022-11-13,2023-01-23
421,engage scalable convergence,15,10,69,2022-10-24,2023-09-29
422,brand impactful technologies,44,166,54,2022-10-17,2023-01-08
423,morph interactive solutions,2,132,1,2023-01-19,2023-12-03
424,brand mission-critical deliverables,11,55,80,2023-06-21,2023-05-02
425,envisioneer virtual communities,11,169,123,2024-03-22,2024-02-10
426,target turn-key communities,47,40,86,2022-07-06,2023-02-02
427,disintermediate proactive platforms,10,130,29,2024-03-31,2023-11-29
428,matrix vertical content,27,89,182,2023-03-06,2023-08-22
429,monetize seamless e-business,44,111,36,2023-11-05,2024-04-20
430,benchmark mission-critical paradigms,38,33,90,2023-10-09,2022-06-12
431,iterate front-end web-readiness,30,138,194,2024-02-04,2023-11-01
432,productize impactful markets,9,139,45,2022-06-06,2022-07-13
433,e-enable mission-critical systems,44,89,48,2024-02-19,2023-05-02
434,scale cross-platform relationships,11,77,170,2022-11-04,2023-10-16
435,exploit cutting-edge architectures,42,162,185,2022-09-22,2022-06-03
436,mesh next-generation synergies,41,143,34,2023-04-10,2023-07-25
437,integrate next-generation initiatives,29,196,189,2023-10-17,2023-03-23
438,engage B2C applications,23,19,30,2023-01-03,2023-05-29
439,envisioneer turn-key architectures,42,46,116,2024-01-21,2022-06-20
440,transform visionary e-services,25,80,145,2023-10-23,2024-01-06
441,architect innovative convergence,2,128,103,2022-09-12,2022-08-28
442,transform viral infrastructures,30,175,148,2023-08-18,2022-08-29
443,optimize web-enabled niches,33,140,80,2023-06-28,2024-03-03
444,cultivate e-business experiences,9,30,74,2022-06-04,2023-05-02
445,architect 24/7 initiatives,34,126,116,2023-02-24,2023-01-17
446,generate visionary channels,40,82,175,2022-06-04,2023-04-17
447,enhance impactful networks,32,135,71,2022-07-18,2023-11-19
448,aggregate collaborative portals,17,197,118,2023-05-24,2023-07-15
449,enable strategic info-mediaries,45,95,117,2024-01-25,2022-11-23
450,re-contextualize frictionless initiatives,35,171,73,2023-12-28,2022-05-31
451,evolve dynamic e-markets,2,160,138,2023-12-02,2022-06-11
452,repurpose interactive partnerships,42,185,132,2023-01-13,2023-02-10
453,mesh killer methodologies,21,58,148,2023-10-23,2023-08-18
454,unleash turn-key systems,42,55,6,2024-03-24,2023-02-23
455,orchestrate extensible convergence,45,183,153,2024-04-17,2023-05-05
456,strategize out-of-the-box supply-chains,43,77,98,2022-10-04,2023-07-18
457,iterate global ROI,50,58,30,2023-02-13,2023-03-01
458,envisioneer efficient technologies,28,160,196,2024-03-31,2022-11-16
459,expedite revolutionary convergence,43,54,33,2024-04-03,2023-08-22
460,enable impactful metrics,29,54,17,2022-08-15,2023-04-24
461,evolve interactive initiatives,21,26,146,2022-10-24,2023-12-08
462,enable holistic partnerships,47,198,123,2023-11-11,2022-11-09
463,strategize synergistic communities,3,127,78,2022-06-04,2024-04-19
464,drive vertical synergies,40,44,105,2022-06-10,2024-01-05
465,grow virtual ROI,7,114,115,2023-05-30,2022-05-17
466,strategize mission-critical bandwidth,32,12,165,2022-08-14,2023-01-05
467,transition clicks-and-mortar e-services,39,2,76,2023-04-28,2023-05-16
468,incubate efficient e-services,25,146,158,2023-05-15,2023-01-19
469,revolutionize vertical e-services,49,43,191,2023-11-29,2023-06-16
470,orchestrate e-business web services,2,147,164,2023-11-02,2023-03-22
471,matrix virtual deliverables,6,34,182,2023-12-19,2023-04-23
472,grow dynamic e-business,8,193,105,2023-01-05,2023-11-05
473,maximize end-to-end deliverables,8,115,73,2022-10-22,2022-07-21
474,harness real-time action-items,9,14,197,2023-08-02,2024-02-20
475,syndicate user-centric eyeballs,13,99,33,2022-10-08,2024-03-24
476,scale rich e-services,8,199,129,2023-08-23,2024-03-23
477,strategize value-added interfaces,10,22,94,2022-06-03,2023-04-22
478,strategize cross-platform niches,43,44,63,2023-04-12,2022-08-26
479,revolutionize user-centric channels,43,9,160,2023-10-15,2023-04-29
480,utilize value-added communities,28,40,111,2023-05-29,2023-06-20
481,utilize collaborative ROI,40,74,147,2023-01-30,2023-03-14
482,maximize user-centric bandwidth,48,170,140,2024-03-13,2023-01-04
483,repurpose cross-platform schemas,9,63,170,2022-10-25,2022-09-18
484,seize scalable users,2,2,11,2023-12-24,2023-12-16
485,strategize B2C mindshare,6,95,56,2023-05-29,2022-06-11
486,unleash holistic applications,25,13,99,2024-02-06,2023-11-28
487,implement back-end users,25,63,163,2024-02-07,2022-10-13
488,mesh real-time systems,29,97,92,2024-02-21,2022-07-03
489,optimize synergistic supply-chains,38,80,75,2023-04-09,2023-03-03
490,implement cross-platform e-commerce,37,137,167,2023-10-05,2023-12-31
491,enable plug-and-play ROI,13,155,45,2024-04-08,2024-01-06
492,mesh vertical networks,3,83,59,2022-12-05,2023-02-27
493,engineer turn-key ROI,1,187,7,2023-05-14,2023-01-12
494,e-enable rich portals,30,90,12,2023-01-15,2023-12-31
495,disintermediate best-of-breed e-business,8,131,119,2024-04-09,2023-08-09
496,incubate global synergies,18,5,185,2023-02-02,2022-11-30
497,syndicate web-enabled technologies,28,126,190,2022-12-25,2022-06-08
498,incubate real-time networks,19,181,129,2024-01-13,2022-08-29
499,integrate clicks-and-mortar experiences,36,185,48,2023-05-25,2022-10-18
500,re-intermediate ubiquitous e-business,42,101,175,2024-02-01,2022-09-13
501,enhance granular architectures,45,187,43,2023-01-03,2022-07-06
502,whiteboard revolutionary applications,2,69,90,2023-06-05,2022-11-12
503,enhance compelling mindshare,28,27,143,2023-06-05,2023-11-19
504,whiteboard visionary platforms,12,75,86,2022-10-02,2022-10-30
505,deliver wireless platforms,46,80,83,2023-08-13,2022-06-25
506,maximize efficient action-items,47,79,145,2023-01-20,2022-05-25
507,evolve dot-com bandwidth,48,143,193,2023-03-01,2024-04-04
508,incentivize cross-media infrastructures,27,64,114,2023-04-22,2023-03-31
509,repurpose efficient web-readiness,26,70,147,2024-02-01,2022-09-24
510,monetize innovative functionalities,11,23,98,2022-12-29,2023-01-12
511,synthesize plug-and-play e-tailers,20,127,41,2022-07-20,2022-08-18
512,syndicate global models,45,125,14,2022-07-31,2022-08-25
513,generate clicks-and-mortar models,2,19,58,2024-01-12,2023-07-06
514,transform world-class paradigms,23,164,51,2022-07-15,2023-04-07
515,productize collaborative markets,14,98,161,2024-02-18,2023-07-16
516,disintermediate transparent info-mediaries,22,58,199,2023-12-17,2023-09-26
517,seize rich methodologies,20,33,117,2024-04-25,2022-08-08
518,unleash virtual e-services,30,139,86,2023-10-06,2023-03-01
519,synthesize extensible e-commerce,28,191,143,2022-04-29,2023-01-03
520,facilitate global e-services,39,100,96,2022-08-19,2024-04-06
521,e-enable collaborative web services,18,36,58,2022-09-02,2023-01-18
522,unleash extensible action-items,7,150,191,2023-09-10,2023-07-11
523,integrate revolutionary content,45,60,31,2023-09-01,2023-11-04
524,synergize e-business architectures,25,146,109,2023-06-11,2024-03-23
525,reinvent visionary niches,48,92,121,2022-07-18,2023-09-20
526,brand customized methodologies,42,114,180,2022-07-08,2023-05-07
527,incubate 24/7 e-services,23,16,134,2023-10-28,2022-10-15
528,utilize wireless relationships,4,128,9,2022-06-10,2024-01-04
529,expedite 24/7 communities,31,110,22,2023-11-23,2023-09-06
530,harness customized schemas,26,197,190,2023-07-12,2023-01-18
531,benchmark leading-edge applications,16,29,12,2022-09-22,2023-06-21
532,generate one-to-one content,44,127,126,2024-02-27,2022-12-16
533,brand virtual platforms,35,53,70,2023-03-07,2022-08-28
534,incentivize end-to-end interfaces,13,100,44,2023-02-28,2022-12-09
535,engage cross-media relationships,15,160,155,2023-04-06,2022-12-30
536,matrix value-added metrics,24,128,177,2024-02-10,2022-06-12
537,synthesize 24/7 applications,5,71,135,2024-02-21,2022-07-17
538,enhance back-end communities,14,199,146,2024-02-19,2024-02-04
539,streamline cross-platform channels,38,91,132,2023-05-10,2024-03-28
540,engage cross-media action-items,43,7,66,2023-10-24,2023-08-14
541,streamline strategic interfaces,11,158,43,2023-03-25,2023-07-30
542,repurpose plug-and-play supply-chains,24,21,156,2022-12-03,2023-04-10
543,e-enable leading-edge e-business,29,163,4,2024-02-01,2023-02-15
544,e-enable e-business ROI,4,56,63,2023-02-24,2023-04-25
545,drive B2C relationships,15,61,124,2024-03-19,2023-06-17
546,envisioneer 24/7 action-items,6,38,80,2022-09-10,2022-06-01
547,cultivate dynamic web services,44,104,132,2022-10-10,2023-04-17
548,enable best-of-breed action-items,44,49,64,2023-11-12,2022-05-14
549,facilitate vertical web-readiness,27,171,116,2023-06-17,2023-07-26
550,seize collaborative deliverables,8,133,145,2022-11-30,2022-11-27
551,transform out-of-the-box users,12,128,131,2023-05-28,2023-05-04
552,incentivize frictionless initiatives,24,133,122,2023-03-12,2023-08-15
553,matrix integrated web-readiness,39,149,25,2022-08-14,2023-12-03
554,utilize ubiquitous content,28,197,129,2023-06-19,2023-05-13
555,unleash world-class experiences,26,9,195,2022-08-11,2022-10-17
556,leverage 24/365 applications,44,63,173,2023-10-29,2023-04-24
557,benchmark impactful schemas,49,191,165,2024-03-31,2023-08-02
558,brand integrated web services,49,57,200,2023-02-11,2022-12-18
559,re-contextualize vertical interfaces,29,26,192,2023-12-23,2023-03-22
560,deploy holistic metrics,49,93,125,2024-04-11,2023-02-11
561,innovate revolutionary platforms,2,4,102,2022-11-26,2022-08-14
562,strategize enterprise mindshare,10,43,11,2024-03-13,2023-01-04
563,utilize world-class e-business,29,162,132,2023-11-30,2023-10-10
564,brand sticky methodologies,11,54,161,2022-11-13,2023-04-21
565,synergize visionary vortals,11,146,55,2023-05-18,2023-05-16
566,syndicate cross-media deliverables,2,74,99,2024-03-09,2023-05-04
567,transition extensible bandwidth,39,178,6,2023-09-22,2022-06-24
568,orchestrate ubiquitous markets,17,121,161,2023-02-03,2023-07-04
569,repurpose efficient web-readiness,42,68,44,2023-01-11,2022-07-30
570,transition end-to-end markets,23,6,87,2023-05-16,2023-11-19
571,orchestrate enterprise paradigms,11,169,1,2024-03-15,2023-08-17
572,architect seamless eyeballs,30,109,52,2024-02-15,2024-02-01
573,implement leading-edge eyeballs,12,31,25,2024-04-16,2023-05-02
574,expedite strategic portals,47,21,195,2022-05-10,2023-11-22
575,strategize proactive models,27,117,47,2023-06-22,2024-03-22
576,visualize bricks-and-clicks platforms,21,180,174,2023-03-11,2023-04-26
577,implement end-to-end bandwidth,8,47,84,2022-12-04,2023-08-27
578,engineer B2C e-business,39,87,191,2023-02-07,2023-04-21
579,iterate vertical partnerships,19,28,169,2024-04-18,2023-01-21
580,deliver B2B methodologies,19,176,36,2024-01-16,2022-09-21
581,revolutionize wireless networks,45,66,29,2022-06-26,2022-08-25
582,orchestrate viral relationships,19,65,103,2022-11-13,2023-02-23
583,embrace B2C convergence,11,197,199,2023-07-21,2024-04-08
584,benchmark out-of-the-box models,42,69,169,2023-07-08,2023-07-17
585,incentivize rich models,22,3,174,2023-04-03,2023-12-26
586,whiteboard e-business paradigms,28,117,56,2022-05-26,2023-02-12
587,synthesize one-to-one e-business,4,183,83,2023-09-04,2024-04-18
588,re-intermediate real-time e-services,49,133,63,2024-04-28,2023-11-09
589,aggregate customized communities,50,30,163,2023-11-20,2023-12-22
590,transition integrated e-tailers,21,184,138,2023-03-17,2022-05-01
591,e-enable ubiquitous eyeballs,17,93,125,2023-09-19,2024-02-04
592,re-intermediate B2B communities,21,128,64,2023-11-23,2023-11-05
593,redefine innovative eyeballs,6,14,41,2022-12-19,2023-01-12
594,implement wireless platforms,34,187,198,2024-02-20,2024-01-23
595,redefine enterprise mindshare,23,130,27,2024-01-12,2023-09-25
596,brand B2B functionalities,3,61,29,2023-12-21,2023-05-08
597,morph scalable synergies,23,164,93,2022-10-19,2023-05-05
598,re-intermediate out-of-the-box bandwidth,3,32,200,2022-12-20,2022-05-10
599,morph customized relationships,12,181,11,2024-01-09,2023-05-29
600,mesh dynamic applications,49,131,105,2023-08-07,2022-07-19
601,embrace 24/365 platforms,7,196,11,2023-06-22,2023-11-11
602,generate ubiquitous e-tailers,34,182,2,2023-10-27,2023-01-02
603,generate bleeding-edge functionalities,21,14,110,2024-03-11,2023-12-29
604,exploit impactful experiences,39,32,155,2022-12-05,2022-05-30
605,grow extensible systems,50,10,121,2023-07-31,2022-12-26
606,unleash cutting-edge content,18,117,90,2022-07-01,2022-11-28
607,implement turn-key models,10,183,190,2023-09-12,2022-09-09
608,exploit viral relationships,26,195,40,2022-08-18,2024-03-11
609,re-intermediate magnetic web-readiness,41,117,9,2022-06-03,2022-09-21
610,facilitate one-to-one niches,25,65,89,2022-11-27,2022-10-05
611,disintermediate holistic markets,27,38,24,2022-12-15,2023-05-28
612,target B2B channels,28,21,128,2023-09-14,2022-08-14
613,incentivize viral vortals,22,102,14,2023-05-04,2024-01-26
614,monetize one-to-one solutions,2,78,11,2024-03-18,2022-10-18
615,harness web-enabled e-business,21,166,46,2022-12-04,2024-01-09
616,whiteboard extensible relationships,44,198,87,2022-08-22,2022-07-21
617,transition seamless experiences,20,175,150,2022-10-05,2022-11-30
618,benchmark killer supply-chains,22,21,121,2023-04-27,2023-01-24
619,brand vertical users,35,185,100,2022-09-14,2024-03-12
620,reinvent plug-and-play e-tailers,19,147,19,2023-04-17,2023-02-05
621,enhance customized ROI,26,84,36,2022-08-06,2023-10-10
622,engage cutting-edge e-markets,18,65,34,2023-02-11,2023-12-02
623,incubate seamless interfaces,20,143,114,2023-08-10,2024-01-09
624,scale dynamic mindshare,17,108,184,2022-07-05,2022-06-28
625,engineer rich networks,21,194,94,2023-01-18,2023-11-01
626,productize enterprise applications,25,112,16,2022-08-27,2023-07-04
627,cultivate revolutionary applications,43,74,155,2023-05-02,2023-08-05
628,incentivize plug-and-play interfaces,17,114,27,2023-01-12,2022-12-15
629,disintermediate proactive e-services,37,56,45,2022-09-24,2023-03-20
630,extend sticky solutions,29,54,31,2022-09-29,2023-03-05
631,envisioneer scalable e-business,15,80,40,2022-09-03,2023-06-10
632,iterate cross-platform solutions,32,149,154,2023-09-23,2024-04-22
633,redefine extensible partnerships,44,15,6,2023-05-03,2022-08-19
634,deploy virtual paradigms,39,163,148,2024-02-27,2024-03-09
635,syndicate holistic applications,25,107,77,2023-06-29,2022-12-04
636,reinvent visionary functionalities,28,59,26,2022-07-30,2023-12-14
637,exploit turn-key e-business,15,35,137,2024-02-17,2024-03-10
638,revolutionize rich initiatives,24,189,108,2023-01-19,2023-08-01
639,implement cutting-edge relationships,28,59,80,2023-03-18,2022-10-21
640,envisioneer virtual markets,8,28,91,2024-04-21,2023-12-05
641,deliver enterprise ROI,36,179,144,2023-11-05,2023-05-12
642,synergize out-of-the-box interfaces,1,56,53,2023-01-01,2023-06-22
643,redefine distributed portals,39,122,160,2023-03-18,2022-05-19
644,orchestrate efficient methodologies,35,88,176,2022-09-22,2022-09-22
645,synergize wireless vortals,41,98,99,2022-06-06,2023-12-08
646,deploy dynamic methodologies,26,52,134,2022-05-20,2022-08-31
647,incentivize back-end portals,39,132,184,2022-06-25,2024-02-26
648,envisioneer vertical solutions,29,151,151,2022-09-09,2023-03-18
649,strategize global schemas,27,123,97,2022-11-25,2023-04-01
650,facilitate holistic info-mediaries,37,111,21,2022-08-29,2023-12-19
651,incubate back-end e-commerce,48,35,29,2023-02-20,2023-03-30
652,unleash clicks-and-mortar relationships,49,103,196,2024-03-12,2022-05-11
653,whiteboard scalable solutions,48,63,63,2024-03-13,2024-03-16
654,harness intuitive technologies,50,9,165,2023-10-03,2023-04-15
655,streamline out-of-the-box systems,9,42,51,2022-08-29,2023-06-18
656,deploy wireless methodologies,40,128,28,2024-03-09,2023-08-11
657,re-intermediate strategic niches,16,45,15,2022-08-03,2024-03-30
658,whiteboard bricks-and-clicks web-readiness,5,155,8,2022-12-07,2024-04-16
659,matrix one-to-one e-services,22,104,151,2023-10-20,2022-08-01
660,extend web-enabled functionalities,18,58,3,2023-12-15,2022-07-08
661,visualize intuitive e-commerce,9,74,179,2024-01-18,2023-07-25
662,whiteboard open-source models,10,182,150,2023-03-02,2023-11-07
663,engage vertical supply-chains,32,195,141,2022-11-09,2024-03-26
664,reinvent compelling paradigms,3,20,89,2024-02-12,2023-06-13
665,deploy 24/365 relationships,21,38,8,2022-05-05,2023-01-30
666,disintermediate vertical ROI,29,69,141,2022-08-09,2023-05-23
667,seize strategic users,3,54,59,2022-09-17,2023-05-25
668,mesh plug-and-play e-business,2,102,11,2023-10-28,2023-11-25
669,evolve global e-commerce,19,131,4,2023-07-27,2022-05-12
670,syndicate end-to-end action-items,23,78,170,2023-06-29,2023-01-19
671,redefine granular content,48,23,94,2022-08-15,2022-11-03
672,re-contextualize leading-edge markets,48,21,115,2023-10-19,2024-03-05
673,expedite innovative synergies,17,85,170,2022-08-25,2022-08-04
674,revolutionize vertical eyeballs,48,46,44,2022-08-20,2022-06-29
675,evolve extensible eyeballs,47,82,194,2024-03-05,2023-06-09
676,envisioneer clicks-and-mortar mindshare,4,122,132,2024-01-09,2023-02-22
677,transform wireless info-mediaries,50,194,187,2023-05-27,2022-10-28
678,implement 24/365 relationships,9,95,108,2023-11-04,2022-08-02
679,syndicate revolutionary methodologies,28,38,48,2024-01-30,2023-11-02
680,synthesize virtual e-tailers,10,132,162,2023-08-09,2023-09-19
681,engage rich e-commerce,2,153,177,2023-04-23,2023-01-23
682,reinvent vertical relationships,46,70,131,2022-10-15,2022-11-09
683,unleash granular models,50,171,173,2022-07-06,2022-06-08
684,reinvent next-generation systems,38,30,170,2022-05-08,2023-04-19
685,architect open-source synergies,12,14,77,2023-12-13,2024-04-25
686,exploit cross-platform partnerships,5,172,162,2022-06-24,2023-07-20
687,empower granular action-items,42,46,36,2022-05-10,2023-05-06
688,exploit 24/7 infrastructures,20,115,124,2023-08-05,2023-10-22
689,re-intermediate holistic methodologies,42,11,134,2022-12-22,2023-05-09
690,envisioneer world-class partnerships,43,148,19,2023-07-22,2023-05-30
691,productize rich relationships,22,130,164,2022-06-25,2022-07-20
692,benchmark world-class schemas,45,115,83,2023-12-19,2023-10-07
693,redefine intuitive platforms,35,174,45,2022-10-20,2022-12-06
694,visualize vertical action-items,50,107,108,2022-10-02,2023-07-03
695,revolutionize bleeding-edge methodologies,48,77,178,2023-01-22,2023-04-14
696,cultivate front-end eyeballs,24,135,14,2023-04-28,2023-07-22
697,benchmark enterprise communities,30,17,33,2023-08-08,2022-08-19
698,maximize real-time interfaces,28,171,162,2023-01-20,2022-06-27
699,implement ubiquitous convergence,20,23,142,2023-01-17,2022-12-25
700,harness wireless markets,42,167,13,2022-11-09,2023-08-10
701,revolutionize out-of-the-box action-items,32,153,190,2023-04-14,2023-07-30
702,benchmark innovative communities,8,199,134,2023-08-21,2023-02-26
703,unleash robust communities,10,173,187,2022-07-25,2023-08-13
704,target B2B portals,39,83,21,2024-02-17,2024-01-11
705,integrate synergistic vortals,15,163,22,2023-03-24,2023-12-29
706,integrate scalable info-mediaries,7,126,79,2024-01-07,2022-07-18
707,exploit granular technologies,23,67,95,2023-06-17,2023-01-20
708,iterate killer bandwidth,47,74,151,2023-06-14,2023-10-12
709,syndicate integrated web-readiness,25,91,106,2022-11-22,2023-01-14
710,incentivize front-end functionalities,19,61,20,2024-02-29,2023-05-04
711,optimize proactive niches,43,113,53,2023-07-27,2022-09-11
712,syndicate web-enabled convergence,17,48,179,2022-10-13,2022-11-11
713,enhance 24/365 e-services,38,2,111,2023-11-21,2024-02-08
714,enhance one-to-one applications,38,18,166,2023-11-24,2023-10-13
715,unleash out-of-the-box solutions,1,4,162,2023-04-02,2022-05-01
716,deploy vertical interfaces,46,174,37,2024-03-25,2024-02-07
717,syndicate compelling vortals,39,92,190,2023-05-16,2023-12-24
718,strategize impactful interfaces,43,148,1,2023-07-11,2022-05-16
719,utilize extensible communities,4,31,135,2023-08-18,2024-04-03
720,utilize mission-critical deliverables,30,165,85,2022-06-19,2023-07-02
721,target sticky markets,12,173,89,2023-07-01,2022-06-15
722,incubate cross-platform applications,7,95,99,2023-12-17,2024-01-03
723,expedite intuitive communities,26,114,137,2022-05-14,2023-06-29
724,integrate real-time experiences,9,128,12,2023-04-14,2023-02-22
725,transform intuitive e-business,31,174,116,2022-09-05,2023-05-15
726,facilitate rich action-items,44,158,21,2023-09-02,2022-07-16
727,facilitate innovative systems,36,113,97,2024-02-28,2023-11-16
728,re-contextualize B2C supply-chains,15,108,113,2023-07-16,2024-04-10
729,innovate synergistic functionalities,40,109,34,2023-03-06,2023-01-04
730,re-contextualize holistic synergies,1,43,181,2024-03-20,2022-10-22
731,brand e-business action-items,45,62,131,2023-08-13,2022-11-26
732,embrace bleeding-edge infrastructures,12,82,34,2023-09-24,2023-02-26
733,harness one-to-one relationships,25,157,79,2024-03-20,2023-05-19
734,facilitate cross-platform supply-chains,28,97,36,2023-10-05,2022-10-10
735,exploit 24/365 communities,47,192,37,2022-06-16,2024-03-24
736,productize compelling methodologies,10,15,104,2022-06-23,2023-07-20
737,innovate world-class web-readiness,4,15,180,2024-02-12,2022-08-28
738,engage B2C platforms,33,105,150,2022-11-19,2023-11-27
739,synergize B2C interfaces,29,162,192,2024-01-08,2023-05-22
740,optimize B2B methodologies,25,43,190,2023-11-08,2023-05-28
741,productize visionary convergence,22,195,134,2024-02-04,2024-04-27
742,syndicate B2B supply-chains,25,106,125,2023-11-02,2023-01-13
743,grow innovative systems,5,48,18,2023-07-30,2024-02-23
744,seize next-generation bandwidth,24,137,26,2022-07-22,2024-02-07
745,expedite interactive web-readiness,8,72,20,2023-04-03,2023-12-04
746,implement mission-critical initiatives,29,30,75,2023-10-02,2023-07-04
747,brand distributed bandwidth,13,7,6,2024-01-16,2023-06-08
748,mesh killer markets,24,141,71,2023-01-05,2022-10-24
749,re-intermediate B2B technologies,35,130,44,2022-10-24,2023-12-02
750,streamline scalable bandwidth,48,124,34,2023-02-25,2023-05-18
751,iterate seamless action-items,10,88,85,2022-10-22,2023-07-31
752,mesh next-generation action-items,4,51,81,2023-02-17,2023-06-08
753,enhance innovative e-tailers,33,104,182,2024-01-07,2023-06-28
754,utilize efficient applications,6,28,143,2024-03-05,2023-03-06
755,productize B2B synergies,1,198,60,2023-08-17,2022-11-24
756,envisioneer front-end networks,37,19,9,2023-04-30,2023-02-08
757,embrace intuitive experiences,10,10,185,2023-11-04,2022-08-08
758,revolutionize dot-com action-items,33,108,67,2023-10-10,2023-08-31
759,expedite open-source systems,26,33,15,2022-08-15,2024-02-06
760,re-intermediate cross-platform solutions,13,162,56,2022-07-10,2022-05-24
761,re-contextualize back-end models,50,164,40,2023-08-05,2022-11-28
762,scale ubiquitous ROI,3,82,124,2022-11-16,2022-07-13
763,unleash strategic platforms,36,89,132,2023-04-05,2023-02-04
764,incentivize user-centric convergence,44,121,22,2022-05-09,2023-11-13
765,enhance global channels,2,39,106,2024-02-28,2023-01-04
766,engineer 24/365 schemas,40,21,63,2024-04-11,2023-08-02
767,implement enterprise e-tailers,44,139,180,2023-06-26,2022-09-20
768,benchmark rich partnerships,6,136,135,2022-12-27,2024-01-17
769,facilitate next-generation applications,43,46,166,2022-09-28,2023-01-19
770,exploit collaborative applications,9,163,96,2024-03-05,2023-05-10
771,engineer next-generation markets,34,47,46,2023-05-17,2022-06-23
772,benchmark compelling models,28,106,41,2024-02-24,2024-02-19
773,redefine ubiquitous content,11,103,47,2024-04-26,2022-07-17
774,envisioneer strategic e-markets,33,107,8,2024-02-08,2024-01-14
775,aggregate open-source applications,29,74,130,2022-07-04,2022-10-30
776,streamline compelling e-business,2,89,165,2024-01-18,2022-05-30
777,iterate bricks-and-clicks deliverables,38,40,118,2022-12-01,2023-10-20
778,streamline user-centric bandwidth,31,76,14,2022-10-03,2023-08-16
779,visualize turn-key content,41,80,77,2023-03-05,2023-05-09
780,redefine sticky initiatives,26,55,174,2023-11-01,2022-06-07
781,maximize seamless web-readiness,21,150,94,2022-07-05,2022-08-04
782,reinvent dot-com web services,3,118,136,2024-01-18,2023-07-15
783,target leading-edge applications,33,14,162,2023-12-06,2023-01-03
784,maximize value-added mindshare,19,199,120,2022-10-22,2022-06-04
785,cultivate real-time networks,48,87,88,2024-04-01,2023-04-20
786,re-intermediate compelling deliverables,29,77,185,2023-05-16,2024-04-27
787,leverage compelling functionalities,10,132,20,2024-02-07,2022-06-15
788,e-enable holistic networks,23,37,188,2024-03-29,2023-01-30
789,mesh global markets,11,58,107,2023-10-31,2023-01-16
790,reinvent front-end content,49,43,1,2023-03-24,2023-05-28
791,repurpose end-to-end synergies,31,194,30,2023-06-10,2023-12-11
792,reinvent innovative architectures,41,180,170,2023-07-31,2022-07-21
793,optimize out-of-the-box e-commerce,50,8,34,2022-10-09,2023-04-17
794,extend wireless systems,20,125,38,2022-06-07,2023-01-28
795,exploit dynamic ROI,15,120,138,2022-10-14,2023-10-20
796,visualize extensible supply-chains,32,79,174,2023-07-12,2023-05-03
797,evolve front-end infrastructures,40,82,103,2022-06-14,2024-04-26
798,seize customized e-markets,2,138,176,2022-07-21,2023-02-09
799,mesh world-class channels,11,76,75,2023-12-29,2024-03-11
800,target interactive convergence,10,7,57,2024-02-16,2023-05-10
801,seize scalable initiatives,27,5,41,2022-05-24,2024-03-06
802,incentivize clicks-and-mortar communities,9,116,181,2023-05-02,2022-06-18
803,evolve collaborative partnerships,35,153,136,2022-10-15,2022-09-06
804,architect extensible e-business,33,197,122,2023-08-07,2023-07-04
805,evolve intuitive e-services,7,65,137,2024-04-27,2023-07-14
806,re-contextualize rich niches,46,125,18,2023-06-15,2023-02-21
807,extend end-to-end models,1,101,167,2022-08-17,2023-12-01
808,synergize extensible platforms,40,54,93,2024-03-04,2023-09-11
809,incentivize magnetic relationships,26,11,190,2023-01-29,2023-01-17
810,orchestrate plug-and-play functionalities,33,54,7,2023-11-26,2023-04-24
811,transition holistic architectures,49,39,101,2023-03-28,2024-01-06
812,engineer web-enabled e-business,33,106,65,2023-12-11,2022-07-22
813,unleash intuitive eyeballs,46,72,158,2022-09-05,2023-04-09
814,enhance granular synergies,5,157,113,2022-12-15,2023-05-04
815,enhance integrated action-items,28,138,54,2023-02-26,2023-10-13
816,enhance mission-critical schemas,14,25,105,2023-11-06,2023-08-21
817,aggregate seamless markets,25,123,119,2022-09-20,2024-02-07
818,transform enterprise technologies,3,160,23,2023-09-29,2024-03-05
819,streamline leading-edge initiatives,46,46,90,2023-04-10,2023-01-26
820,benchmark back-end platforms,47,140,108,2023-04-29,2022-12-21
821,mesh front-end methodologies,3,154,160,2024-01-18,2022-11-10
822,engage real-time web services,32,18,189,2023-10-02,2024-01-24
823,e-enable strategic interfaces,14,62,157,2024-04-23,2022-09-05
824,maximize virtual methodologies,42,191,103,2023-08-10,2022-07-30
825,re-intermediate efficient paradigms,28,74,77,2023-02-10,2022-09-02
826,enhance viral niches,2,113,62,2023-04-09,2024-04-01
827,implement intuitive relationships,37,23,57,2023-04-08,2022-08-30
828,benchmark global e-tailers,26,115,175,2024-01-01,2023-07-20
829,visualize holistic e-commerce,32,27,52,2024-01-24,2022-10-22
830,innovate efficient web-readiness,50,109,48,2022-06-24,2024-04-15
831,expedite B2B platforms,50,122,124,2023-08-19,2023-01-01
832,facilitate B2B e-markets,29,55,150,2023-01-01,2022-09-17
833,mesh end-to-end ROI,26,125,9,2022-12-11,2023-07-05
834,re-contextualize best-of-breed supply-chains,12,40,113,2023-11-05,2023-12-09
835,revolutionize wireless e-services,42,63,174,2023-01-23,2022-07-22
836,maximize viral methodologies,13,53,5,2023-10-28,2024-01-29
837,orchestrate 24/7 supply-chains,6,67,164,2023-06-03,2023-08-12
838,innovate sticky vortals,43,130,62,2023-05-03,2024-04-09
839,whiteboard frictionless architectures,49,80,37,2023-05-30,2023-04-30
840,engineer cutting-edge channels,1,74,148,2022-10-18,2022-07-01
841,visualize viral deliverables,38,167,8,2023-09-19,2023-02-15
842,visualize extensible e-services,40,183,110,2022-09-23,2023-06-29
843,e-enable 24/365 supply-chains,37,80,122,2022-08-14,2023-08-12
844,transform ubiquitous partnerships,46,183,176,2024-02-25,2023-08-29
845,repurpose interactive metrics,44,18,181,2024-01-22,2023-05-25
846,optimize transparent users,29,56,63,2023-07-07,2023-11-25
847,orchestrate web-enabled eyeballs,2,31,172,2022-08-09,2024-02-10
848,leverage best-of-breed e-tailers,2,168,163,2023-04-12,2023-12-09
849,integrate seamless channels,45,118,122,2022-11-12,2023-04-03
850,exploit impactful networks,11,151,164,2022-11-03,2024-02-15
851,deliver synergistic synergies,16,186,41,2022-08-04,2022-06-02
852,extend integrated vortals,25,28,179,2024-02-27,2022-11-11
853,scale global web-readiness,28,88,55,2024-03-05,2022-09-03
854,exploit 24/365 deliverables,1,57,130,2024-01-01,2023-07-30
855,redefine one-to-one schemas,49,162,9,2023-11-26,2022-10-05
856,harness one-to-one portals,9,89,154,2023-12-05,2023-02-27
857,matrix visionary ROI,17,169,94,2022-12-13,2023-09-04
858,syndicate mission-critical systems,14,41,200,2023-11-10,2022-05-26
859,redefine scalable content,47,26,149,2024-01-07,2023-04-24
860,iterate customized interfaces,18,193,20,2023-06-25,2023-11-17
861,leverage best-of-breed action-items,39,104,9,2023-02-11,2022-12-10
862,visualize mission-critical eyeballs,2,37,137,2022-08-18,2023-03-26
863,whiteboard robust info-mediaries,39,63,161,2024-02-13,2024-03-02
864,brand cross-media schemas,42,174,145,2022-05-18,2024-04-05
865,matrix e-business infrastructures,19,31,170,2022-09-12,2022-09-03
866,innovate sticky vortals,49,136,89,2023-01-14,2023-09-07
867,expedite turn-key experiences,9,104,84,2024-01-11,2024-01-01
868,harness innovative action-items,10,176,122,2022-11-02,2023-06-09
869,cultivate cross-media interfaces,15,186,34,2024-02-21,2024-03-31
870,innovate end-to-end interfaces,30,67,152,2023-05-09,2023-09-10
871,redefine viral bandwidth,7,162,164,2023-06-30,2022-10-03
872,disintermediate clicks-and-mortar e-business,31,167,117,2023-05-23,2022-06-12
873,evolve dot-com e-markets,23,129,51,2022-08-28,2023-08-04
874,integrate visionary channels,39,159,130,2023-02-09,2023-09-08
875,transform next-generation supply-chains,39,114,130,2023-08-26,2023-04-28
876,target virtual solutions,10,131,197,2023-10-30,2023-06-28
877,brand transparent convergence,16,22,52,2022-05-03,2022-09-13
878,deploy strategic functionalities,38,53,6,2024-04-16,2022-09-04
879,cultivate bleeding-edge schemas,11,122,191,2022-07-31,2023-11-07
880,engineer mission-critical applications,3,54,150,2022-12-15,2024-04-16
881,cultivate proactive eyeballs,17,54,77,2024-02-05,2023-09-16
882,optimize synergistic channels,45,111,81,2024-01-19,2023-07-05
883,transition dynamic partnerships,22,99,173,2022-08-26,2023-02-06
884,re-contextualize value-added communities,47,128,11,2023-12-21,2023-11-13
885,e-enable impactful convergence,30,82,153,2023-01-18,2022-07-14
886,matrix global action-items,24,74,90,2023-03-31,2023-05-16
887,cultivate 24/7 interfaces,8,59,143,2023-05-26,2024-03-31
888,synthesize enterprise vortals,6,188,127,2023-06-25,2024-03-21
889,unleash wireless relationships,18,165,147,2023-09-29,2023-09-13
890,matrix sticky vortals,12,1,57,2023-10-23,2023-02-25
891,incentivize interactive bandwidth,31,30,24,2024-04-14,2022-07-05
892,target 24/365 systems,19,120,131,2024-03-19,2022-08-19
893,harness seamless interfaces,27,74,67,2022-06-30,2023-02-25
894,expedite next-generation e-business,23,88,36,2022-06-02,2022-09-10
895,streamline frictionless systems,28,98,45,2023-03-02,2022-10-06
896,envisioneer distributed infrastructures,50,105,150,2022-12-14,2024-01-05
897,brand cross-media technologies,38,13,191,2023-01-28,2023-05-25
898,visualize intuitive interfaces,19,196,37,2022-12-07,2023-08-26
899,disintermediate cross-media e-commerce,8,60,182,2023-08-15,2023-12-13
900,monetize killer metrics,22,180,161,2024-01-14,2023-06-05
901,deliver frictionless users,39,180,36,2024-02-24,2023-04-15
902,reinvent e-business ROI,23,90,108,2023-06-11,2022-06-19
903,optimize user-centric deliverables,38,37,86,2023-11-02,2023-09-18
904,generate B2C initiatives,39,77,44,2024-02-18,2023-01-24
905,facilitate value-added relationships,7,192,195,2023-07-14,2023-08-07
906,grow back-end supply-chains,44,3,5,2023-11-24,2023-08-22
907,grow plug-and-play ROI,48,193,187,2024-04-17,2023-10-29
908,envisioneer strategic portals,32,136,166,2022-10-16,2024-03-02
909,revolutionize end-to-end platforms,24,91,194,2022-09-27,2022-06-25
910,leverage out-of-the-box supply-chains,29,5,84,2023-11-06,2024-03-08
911,optimize 24/365 interfaces,1,114,25,2024-01-20,2022-09-14
912,repurpose user-centric systems,2,189,135,2024-01-30,2022-07-27
913,reinvent sticky solutions,35,87,44,2023-12-10,2023-06-06
914,exploit back-end functionalities,1,21,85,2023-03-19,2024-02-06
915,syndicate wireless content,49,79,37,2023-02-15,2023-03-31
916,facilitate impactful eyeballs,31,52,145,2023-12-24,2022-09-20
917,redefine out-of-the-box solutions,25,182,129,2023-01-05,2024-03-30
918,drive revolutionary eyeballs,3,103,75,2023-03-27,2023-06-15
919,visualize seamless web services,17,168,79,2023-03-04,2023-04-20
920,evolve wireless content,4,25,177,2022-12-21,2023-08-29
921,engineer 24/365 users,32,55,180,2024-04-19,2023-06-27
922,cultivate bleeding-edge mindshare,2,106,187,2024-01-12,2023-09-22
923,optimize 24/365 architectures,19,183,168,2022-12-20,2022-07-16
924,architect innovative models,13,80,181,2023-01-11,2023-03-18
925,visualize customized applications,37,22,99,2023-04-19,2024-02-13
926,revolutionize clicks-and-mortar communities,19,74,163,2023-03-15,2023-09-25
927,expedite best-of-breed initiatives,45,113,71,2023-02-07,2023-01-10
928,empower cross-media relationships,15,44,19,2023-07-11,2022-10-23
929,disintermediate 24/7 action-items,24,66,195,2022-08-01,2023-01-20
930,strategize rich interfaces,17,97,52,2023-01-26,2022-11-13
931,integrate killer paradigms,15,116,162,2023-09-29,2024-02-07
932,seize 24/365 functionalities,21,22,21,2024-01-07,2022-05-09
933,engage transparent architectures,38,5,26,2022-11-03,2022-05-06
934,optimize innovative markets,18,176,123,2024-02-17,2022-10-30
935,iterate sticky infrastructures,27,111,17,2023-02-14,2023-05-25
936,aggregate leading-edge networks,14,20,112,2023-06-04,2022-09-29
937,engage sticky e-commerce,37,123,136,2022-10-28,2023-01-26
938,synergize one-to-one experiences,35,192,179,2024-02-05,2023-02-17
939,envisioneer frictionless web-readiness,48,159,136,2022-06-11,2023-12-10
940,reinvent holistic portals,3,161,66,2024-03-11,2023-01-04
941,empower 24/365 e-markets,40,92,187,2022-05-04,2023-05-05
942,evolve cutting-edge communities,7,123,143,2022-08-09,2024-03-19
943,synthesize viral content,9,36,119,2023-05-27,2023-01-20
944,unleash granular deliverables,1,92,125,2022-06-26,2022-08-11
945,leverage leading-edge content,8,94,136,2023-12-23,2024-02-05
946,repurpose user-centric web services,3,190,150,2022-07-25,2022-12-04
947,generate viral applications,16,76,182,2023-10-27,2023-04-10
948,whiteboard dynamic supply-chains,10,131,31,2023-11-08,2023-10-19
949,target visionary web-readiness,40,152,52,2022-05-26,2023-05-10
950,disintermediate strategic e-tailers,7,156,20,2023-05-05,2023-09-15
951,empower customized schemas,31,125,78,2022-10-30,2022-09-03
952,morph best-of-breed methodologies,4,171,155,2024-03-09,2023-06-13
953,embrace proactive web-readiness,32,43,73,2022-06-24,2023-12-26
954,exploit web-enabled initiatives,24,152,121,2023-11-24,2024-02-01
955,innovate back-end schemas,13,131,112,2024-01-22,2023-05-19
956,exploit bleeding-edge bandwidth,37,80,71,2023-07-06,2024-04-26
957,enable interactive e-business,6,83,137,2023-07-15,2022-05-18
958,benchmark back-end infrastructures,12,106,97,2023-04-19,2022-09-12
959,leverage vertical convergence,19,83,78,2024-02-10,2022-10-20
960,re-intermediate interactive channels,32,87,94,2023-01-22,2022-10-04
961,implement sticky methodologies,15,129,18,2023-12-06,2024-01-03
962,extend viral content,42,175,173,2022-12-22,2023-09-03
963,integrate end-to-end ROI,10,47,74,2023-10-02,2024-01-04
964,whiteboard value-added e-commerce,33,164,31,2023-04-11,2023-01-15
965,target sticky functionalities,41,160,73,2022-09-18,2022-05-16
966,enhance cutting-edge convergence,39,124,17,2022-11-05,2024-04-09
967,target vertical relationships,16,139,174,2023-01-16,2022-07-30
968,redefine mission-critical web services,2,16,140,2023-08-29,2024-04-24
969,extend sticky metrics,43,40,32,2023-01-15,2023-10-21
970,seize synergistic eyeballs,1,127,103,2024-03-05,2023-10-22
971,deliver killer schemas,24,105,91,2022-06-17,2022-11-08
972,target B2B synergies,41,139,1,2023-12-08,2024-03-15
973,brand B2B e-commerce,41,91,26,2022-11-10,2024-02-19
974,facilitate magnetic portals,35,57,124,2024-03-11,2023-12-02
975,unleash dot-com e-tailers,13,143,125,2022-07-08,2023-02-07
976,maximize scalable mindshare,40,177,179,2023-07-02,2023-01-04
977,cultivate real-time relationships,9,45,112,2023-11-10,2024-03-24
978,whiteboard web-enabled functionalities,31,116,144,2023-12-24,2023-11-26
979,engage 24/365 mindshare,38,3,56,2023-10-05,2023-10-08
980,leverage extensible systems,9,114,150,2023-01-03,2023-09-16
981,transform rich content,42,102,39,2024-01-28,2023-02-13
982,re-contextualize plug-and-play e-business,17,52,123,2024-04-28,2023-01-13
983,re-contextualize customized deliverables,2,138,34,2023-01-13,2024-01-24
984,enhance distributed synergies,45,87,87,2024-04-16,2023-07-03
985,harness seamless markets,10,147,22,2024-03-15,2024-02-21
986,extend clicks-and-mortar ROI,15,87,166,2022-06-01,2022-07-16
987,cultivate back-end methodologies,24,9,32,2023-11-06,2022-12-31
988,synergize one-to-one experiences,19,149,188,2023-07-05,2023-04-07
989,scale turn-key metrics,48,160,36,2022-10-12,2023-04-13
990,re-intermediate strategic e-commerce,10,24,55,2024-02-20,2022-06-10
991,envisioneer back-end synergies,46,160,18,2024-04-19,2023-01-06
992,redefine compelling eyeballs,33,162,167,2022-11-28,2022-06-29
993,iterate distributed markets,34,192,5,2022-05-29,2023-05-11
994,unleash synergistic metrics,11,172,172,2023-11-26,2024-03-02
995,syndicate global platforms,19,19,168,2023-08-26,2023-08-28
996,envisioneer compelling e-commerce,32,31,9,2023-01-13,2023-03-12
997,extend seamless systems,33,8,105,2022-12-12,2022-09-03
998,expedite holistic e-tailers,42,170,29,2023-01-19,2023-10-15
999,productize sticky mindshare,43,14,132,2024-01-21,2023-05-22
1000,engineer virtual markets,14,110,61,2022-06-28,2023-08-20
