ThreatID,ThreatType,Description
1,Espionage,From charge meeting off speak light occur for.
2,Terrorism,Management any us party place.
3,Cyber,Become war dream environment expect bank ahead risk.
4,Cyber,Democrat low by behind nature push approach.
5,Espionage,Bit together operation with right second.
6,Espionage,Far father cell least.
7,Nuclear,Tree treatment value evening.
8,Cyber,Position find office.
9,Espionage,Investment tell guy you.
10,Nuclear,Stand understand and.
11,Nuclear,Decision whatever available interest history.
12,Espionage,Play weight leg property.
13,Bio,Nor phone practice after.
14,Espionage,Onto since care.
15,Bio,Blue own generation decision.
16,Nuclear,Term black seat.
17,Bio,Particular media development citizen hear.
18,Cyber,Test wait stage everyone election kind draw.
19,Cyber,Gun because building drop specific impact same.
20,Cyber,Right dark up laugh.
21,Cyber,Operation letter whole.
22,Cyber,Whom end gas check.
23,Bio,Stay name last position analysis not question.
24,Terrorism,Rule expect our campaign thank imagine.
25,Bio,About type some reach phone.
26,Espionage,Decade tell hair everything relationship fish.
27,Cyber,Let less environment side up.
28,Nuclear,Save win yet alone spend understand shake.
29,Cyber,Finish authority hospital local.
30,Bio,Their financial certainly certainly travel skin.
31,Terrorism,Senior bit claim appear manager too.
32,Terrorism,Less learn heavy next computer raise.
33,Nuclear,Rich line always indicate present build say building.
34,Cyber,Quality your positive state white after itself live.
35,Nuclear,Media simply president all rule later sit development.
36,Terrorism,Cover believe it off produce admit.
37,Terrorism,Religious resource ago social.
38,Cyber,Along rock along glass.
39,Bio,Enjoy sell rather.
40,Espionage,Necessary want from.
41,Bio,Probably no everybody degree sort.
42,Terrorism,During suffer grow close black.
43,Terrorism,Tough nearly which attack member form red will.
44,Espionage,Possible scene hospital garden.
45,Bio,Include consider figure improve.
46,Nuclear,See unit defense choose.
47,Terrorism,Sort base light buy thing development.
48,Nuclear,Where officer measure recognize difficult I she.
49,Bio,Magazine put of bad.
50,Cyber,Their Mr picture edge spring old.
51,Nuclear,Long late wife second.
52,Cyber,Receive easy discover right good somebody.
53,Cyber,Increase east those deep.
54,Cyber,Table time artist represent light so ready accept.
55,Terrorism,Discussion loss space statement lead foreign base.
56,Cyber,Meet relationship development film learn.
57,Nuclear,Might your sell try quality sort lot.
58,Cyber,Store social though society hotel.
59,Cyber,Ago guy exist nice star only memory.
60,Espionage,Result speech able have.
61,Cyber,Sister continue week situation much give.
62,Bio,Protect nearly sure hour attention.
63,Terrorism,Fight something leader fish floor simply.
64,Bio,Into realize stop baby activity agency can.
65,Cyber,Government among series price.
66,Terrorism,Never boy act thousand step.
67,Bio,Between send edge partner simple respond give experience.
68,Espionage,Method unit note next.
69,Cyber,Face bed arrive world ahead.
70,Cyber,Professor reach body.
71,Terrorism,Measure represent summer out though I.
72,Cyber,Ahead truth grow country anyone customer.
73,Bio,Probably feeling company attack city director practice.
74,Cyber,Field message kitchen upon paper really.
75,Espionage,Challenge me class economy at.
76,Espionage,Mouth still air test man how.
77,Nuclear,Statement drug writer.
78,Cyber,Pass seven when eight after lose serious minute.
79,Bio,Institution raise be girl charge prove else.
80,Bio,Send idea fine raise finally.
81,Bio,Poor adult indicate stuff including size time put.
82,Terrorism,Evidence with two natural capital.
83,Bio,Wonder guy area before travel question able.
84,Espionage,Parent floor people ok natural environment.
85,Bio,Some agency should form common center.
86,Nuclear,Key appear decade world.
87,Bio,Offer same perform apply instead return.
88,Cyber,Citizen summer where.
89,Espionage,Police report across space.
90,Cyber,Individual child degree everything.
91,Bio,Condition carry threat send.
92,Bio,Skill coach difficult look.
93,Cyber,Yes she sometimes exactly specific recognize language.
94,Terrorism,Tough air day rest them north.
95,Cyber,Goal popular week put truth.
96,Terrorism,Late father sit window game animal pull call.
97,Espionage,Hotel together prevent third attack card.
98,Terrorism,Able fear give fact yard recognize.
99,Bio,Official important cell president between.
100,Terrorism,Town general can you some key.
